bonjour	بُنژور — سلام (روز به‌خیر)	A1 :: سلام و احوال‌پرسی
bonsoir	بُنسوار — عصر به‌خیر	A1 :: سلام و احوال‌پرسی
bonne nuit	بُن نویی — شب به‌خیر (هنگام خواب)	A1 :: سلام و احوال‌پرسی
salut	سالو — سلام / خداحافظ (خودمانی)	A1 :: سلام و احوال‌پرسی
au revoir	اُ رِ‌ووار — خداحافظ	A1 :: سلام و احوال‌پرسی
à bientôt	آ بی‌یَن‌تُ — به‌زودی می‌بینمت	A1 :: سلام و احوال‌پرسی
à demain	آ دُمَن — تا فردا	A1 :: سلام و احوال‌پرسی
à tout à l'heure	آ توتالُر — تا بعد (همین امروز)	A1 :: سلام و احوال‌پرسی
comment ça va ?	کُمان سا وا — حالت چطور است؟	A1 :: سلام و احوال‌پرسی
ça va bien	سا وا بی‌یَن — خوبم	A1 :: سلام و احوال‌پرسی
comment allez-vous ?	کُمان تاله وو — حال شما چطور است؟ (رسمی)	A1 :: سلام و احوال‌پرسی
merci	مِرسی — متشکرم	A1 :: سلام و احوال‌پرسی
merci beaucoup	مِرسی بُکو — خیلی ممنون	A1 :: سلام و احوال‌پرسی
de rien	دُ ری‌یَن — خواهش می‌کنم	A1 :: سلام و احوال‌پرسی
je vous en prie	ژُ ووزان پْری — خواهش می‌کنم (رسمی)	A1 :: سلام و احوال‌پرسی
s'il vous plaît	سیل وو پْلِ — لطفاً (رسمی)	A1 :: سلام و احوال‌پرسی
s'il te plaît	سیل تُ پْلِ — لطفاً (خودمانی)	A1 :: سلام و احوال‌پرسی
pardon	پاردُن — ببخشید	A1 :: سلام و احوال‌پرسی
excusez-moi	اِکسکوزه موا — مرا ببخشید	A1 :: سلام و احوال‌پرسی
je suis désolé	ژُ سویی دِزُله — متأسفم	A1 :: سلام و احوال‌پرسی
oui	وی — بله	A1 :: سلام و احوال‌پرسی
non	نُن — نه	A1 :: سلام و احوال‌پرسی
peut-être	پُ تِتْر — شاید	A1 :: سلام و احوال‌پرسی
d'accord	داکُر — باشه / موافقم	A1 :: سلام و احوال‌پرسی
bienvenue	بی‌یَن‌ونو — خوش آمدید	A1 :: سلام و احوال‌پرسی
enchanté	آنشانته — از آشنایی خوشوقتم	A1 :: سلام و احوال‌پرسی
monsieur	مُسیُ — آقا	A1 :: سلام و احوال‌پرسی
madame	مادام — خانم	A1 :: سلام و احوال‌پرسی
mademoiselle	مادْموازِل — دوشیزه	A1 :: سلام و احوال‌پرسی
bonne journée	بُن ژورنه — روز خوبی داشته باشید	A1 :: سلام و احوال‌پرسی
bonne soirée	بُن سوآره — شب خوبی داشته باشید	A1 :: سلام و احوال‌پرسی
bon week-end	بُن ویک‌اِند — آخر هفتهٔ خوبی داشته باشید	A1 :: سلام و احوال‌پرسی
bonne chance	بُن شانس — موفق باشی	A1 :: سلام و احوال‌پرسی
santé !	سانته — به سلامتی!	A1 :: سلام و احوال‌پرسی
félicitations	فِلیسیتاسیُن — تبریک می‌گویم	A1 :: سلام و احوال‌پرسی
je m'appelle	ژُ ماپِل — اسم من ... است	A1 :: معرفی خود
le nom	لُ نُن — نام خانوادگی / نام	A1 :: معرفی خود
le prénom	لُ پْرِنُن — نام کوچک	A1 :: معرفی خود
l'âge	لاژ — سن	A1 :: معرفی خود
j'ai vingt ans	ژِ وَن‌ تان — بیست سال دارم	A1 :: معرفی خود
la nationalité	لا ناسیُنالیته — ملیت	A1 :: معرفی خود
l'adresse	لادْرِس — نشانی	A1 :: معرفی خود
le numéro de téléphone	لُ نومِرُ دُ تِلِفُن — شمارهٔ تلفن	A1 :: معرفی خود
l'email	لِمِیل — ایمیل	A1 :: معرفی خود
la profession	لا پْرُفِسیُن — شغل	A1 :: معرفی خود
l'étudiant	لِتودیان — دانشجو (مرد)	A1 :: معرفی خود
l'étudiante	لِتودیانت — دانشجو (زن)	A1 :: معرفی خود
marié	ماریه — متأهل	A1 :: معرفی خود
célibataire	سِلیباتِر — مجرد	A1 :: معرفی خود
habiter	آبیته — زندگی کردن / سکونت داشتن	A1 :: معرفی خود
venir de	وُنیر دُ — اهل ... بودن	A1 :: معرفی خود
parler	پارله — حرف زدن	A1 :: معرفی خود
comprendre	کُمپْراندْر — فهمیدن	A1 :: معرفی خود
je ne comprends pas	ژُ نُ کُمپْران پا — نمی‌فهمم	A1 :: معرفی خود
répéter	رِپِته — تکرار کردن	A1 :: معرفی خود
épeler	اِپُله — هجی کردن	A1 :: معرفی خود
la langue	لا لانگ — زبان	A1 :: معرفی خود
le français	لُ فْرانسه — زبان فرانسه	A1 :: معرفی خود
le persan	لُ پِرسان — زبان فارسی	A1 :: معرفی خود
l'anglais	لانگْلِ — زبان انگلیسی	A1 :: معرفی خود
l'ami	لامی — دوست (مرد)	A1 :: معرفی خود
l'amie	لامی — دوست (زن)	A1 :: معرفی خود
le voisin	لُ ووازَن — همسایه	A1 :: معرفی خود
le monsieur	لُ مُسیُ — آقا (شخص)	A1 :: معرفی خود
la personne	لا پِرسُن — شخص	A1 :: معرفی خود
les gens	لِ ژان — مردم	A1 :: معرفی خود
l'homme	لُم — مرد	A1 :: معرفی خود
la femme	لا فام — زن	A1 :: معرفی خود
l'enfant	لانفان — بچه	A1 :: معرفی خود
le garçon	لُ گارسُن — پسر	A1 :: معرفی خود
la fille	لا فی‌یْ — دختر	A1 :: معرفی خود
zéro	زِرُ — صفر	A1 :: اعداد
un	اَن — یک	A1 :: اعداد
deux	دُ — دو	A1 :: اعداد
trois	تْروآ — سه	A1 :: اعداد
quatre	کاتْر — چهار	A1 :: اعداد
cinq	سَنک — پنج	A1 :: اعداد
six	سیس — شش	A1 :: اعداد
sept	سِت — هفت	A1 :: اعداد
huit	ویت — هشت	A1 :: اعداد
neuf	نُف — نه	A1 :: اعداد
dix	دیس — ده	A1 :: اعداد
onze	اُنز — یازده	A1 :: اعداد
douze	دوز — دوازده	A1 :: اعداد
treize	تْرِز — سیزده	A1 :: اعداد
quatorze	کاتُرز — چهارده	A1 :: اعداد
quinze	کَنز — پانزده	A1 :: اعداد
seize	سِز — شانزده	A1 :: اعداد
dix-sept	دیس‌سِت — هفده	A1 :: اعداد
dix-huit	دیزویت — هجده	A1 :: اعداد
dix-neuf	دیزنُف — نوزده	A1 :: اعداد
vingt	وَن — بیست	A1 :: اعداد
trente	تْرانت — سی	A1 :: اعداد
quarante	کارانت — چهل	A1 :: اعداد
cinquante	سَنکانت — پنجاه	A1 :: اعداد
soixante	سواسانت — شصت	A1 :: اعداد
soixante-dix	سواسانت دیس — هفتاد	A1 :: اعداد
quatre-vingts	کاتْر وَن — هشتاد	A1 :: اعداد
quatre-vingt-dix	کاتْر وَن دیس — نود	A1 :: اعداد
cent	سان — صد	A1 :: اعداد
mille	میل — هزار	A1 :: اعداد
un million	اَن میلیُن — یک میلیون	A1 :: اعداد
premier	پْرُمیه — اول	A1 :: اعداد
deuxième	دُزی‌یِم — دوم	A1 :: اعداد
troisième	تْروازی‌یِم — سوم	A1 :: اعداد
dernier	دِرنیه — آخر	A1 :: اعداد
le nombre	لُ نُمبْر — عدد	A1 :: اعداد
lundi	لَندی — دوشنبه	A1 :: روز، ماه و زمان
mardi	ماردی — سه‌شنبه	A1 :: روز، ماه و زمان
mercredi	مِرکْرُدی — چهارشنبه	A1 :: روز، ماه و زمان
jeudi	ژُدی — پنجشنبه	A1 :: روز، ماه و زمان
vendredi	واندْرُدی — جمعه	A1 :: روز، ماه و زمان
samedi	سامْدی — شنبه	A1 :: روز، ماه و زمان
dimanche	دیمانش — یکشنبه	A1 :: روز، ماه و زمان
janvier	ژانویه — ژانویه	A1 :: روز، ماه و زمان
février	فِوْریه — فوریه	A1 :: روز، ماه و زمان
mars	مارس — مارس	A1 :: روز، ماه و زمان
avril	آوْریل — آوریل	A1 :: روز، ماه و زمان
mai	مِ — مه	A1 :: روز، ماه و زمان
juin	ژوَن — ژوئن	A1 :: روز، ماه و زمان
juillet	ژویی‌یِ — ژوئیه	A1 :: روز، ماه و زمان
août	اوت — اوت	A1 :: روز، ماه و زمان
septembre	سِپتامبْر — سپتامبر	A1 :: روز، ماه و زمان
octobre	اُکتُبْر — اکتبر	A1 :: روز، ماه و زمان
novembre	نُوامبْر — نوامبر	A1 :: روز، ماه و زمان
décembre	دِسامبْر — دسامبر	A1 :: روز، ماه و زمان
le jour	لُ ژور — روز	A1 :: روز، ماه و زمان
la semaine	لا سُمِن — هفته	A1 :: روز، ماه و زمان
le mois	لُ موآ — ماه	A1 :: روز، ماه و زمان
l'année	لانه — سال	A1 :: روز، ماه و زمان
aujourd'hui	اُژوردویی — امروز	A1 :: روز، ماه و زمان
demain	دُمَن — فردا	A1 :: روز، ماه و زمان
hier	ی‌یِر — دیروز	A1 :: روز، ماه و زمان
le matin	لُ ماتَن — صبح	A1 :: روز، ماه و زمان
l'après-midi	لاپْرِ میدی — بعدازظهر	A1 :: روز، ماه و زمان
le soir	لُ سوار — عصر / شب	A1 :: روز، ماه و زمان
la nuit	لا نویی — شب	A1 :: روز، ماه و زمان
l'heure	لُر — ساعت (زمان)	A1 :: روز، ماه و زمان
la minute	لا مینوت — دقیقه	A1 :: روز، ماه و زمان
la seconde	لا سُگُند — ثانیه	A1 :: روز، ماه و زمان
midi	میدی — ظهر	A1 :: روز، ماه و زمان
minuit	مینویی — نیمه‌شب	A1 :: روز، ماه و زمان
maintenant	مَنتُنان — الان	A1 :: روز، ماه و زمان
tard	تار — دیر	A1 :: روز، ماه و زمان
tôt	تُ — زود	A1 :: روز، ماه و زمان
la famille	لا فامی‌یْ — خانواده	A1 :: خانواده
les parents	لِ پاران — والدین	A1 :: خانواده
le père	لُ پِر — پدر	A1 :: خانواده
la mère	لا مِر — مادر	A1 :: خانواده
le papa	لُ پاپا — بابا	A1 :: خانواده
la maman	لا مامان — مامان	A1 :: خانواده
le fils	لُ فیس — پسر (فرزند)	A1 :: خانواده
la fille	لا فی‌یْ — دختر (فرزند)	A1 :: خانواده
le frère	لُ فْرِر — برادر	A1 :: خانواده
la sœur	لا سُر — خواهر	A1 :: خانواده
le grand-père	لُ گْران پِر — پدربزرگ	A1 :: خانواده
la grand-mère	لا گْران مِر — مادربزرگ	A1 :: خانواده
l'oncle	لُنکْل — عمو / دایی	A1 :: خانواده
la tante	لا تانت — عمه / خاله	A1 :: خانواده
le cousin	لُ کوزَن — پسرعمو / پسردایی	A1 :: خانواده
la cousine	لا کوزین — دخترعمو / دخترخاله	A1 :: خانواده
le mari	لُ ماری — شوهر	A1 :: خانواده
la femme	لا فام — همسر (زن)	A1 :: خانواده
le neveu	لُ نُوُ — برادرزاده / خواهرزاده (پسر)	A1 :: خانواده
la nièce	لا نی‌یِس — برادرزاده / خواهرزاده (دختر)	A1 :: خانواده
le bébé	لُ بِبِ — نوزاد	A1 :: خانواده
les petits-enfants	لِ پُتی زانفان — نوه‌ها	A1 :: خانواده
le beau-père	لُ بُ پِر — پدرشوهر / ناپدری	A1 :: خانواده
la belle-mère	لا بِل مِر — مادرشوهر / نامادری	A1 :: خانواده
les jumeaux	لِ ژومُ — دوقلوها	A1 :: خانواده
le fiancé	لُ فیانسه — نامزد (مرد)	A1 :: خانواده
la fiancée	لا فیانسه — نامزد (زن)	A1 :: خانواده
le copain	لُ کُپَن — دوست‌پسر / رفیق	A1 :: خانواده
la copine	لا کُپین — دوست‌دختر / رفیق	A1 :: خانواده
l'adulte	لادولت — بزرگسال	A1 :: خانواده
le voisinage	لُ ووازیناژ — همسایگی	A1 :: خانواده
aîné	اِنه — بزرگ‌تر (فرزند)	A1 :: خانواده
cadet	کادِ — کوچک‌تر (فرزند)	A1 :: خانواده
la couleur	لا کولُر — رنگ	A1 :: رنگ‌ها و شکل‌ها
blanc	بْلان — سفید	A1 :: رنگ‌ها و شکل‌ها
noir	نوآر — سیاه	A1 :: رنگ‌ها و شکل‌ها
rouge	روژ — قرمز	A1 :: رنگ‌ها و شکل‌ها
bleu	بْلُ — آبی	A1 :: رنگ‌ها و شکل‌ها
vert	وِر — سبز	A1 :: رنگ‌ها و شکل‌ها
jaune	ژُن — زرد	A1 :: رنگ‌ها و شکل‌ها
orange	اُرانژ — نارنجی	A1 :: رنگ‌ها و شکل‌ها
rose	رُز — صورتی	A1 :: رنگ‌ها و شکل‌ها
violet	ویُلِ — بنفش	A1 :: رنگ‌ها و شکل‌ها
gris	گْری — خاکستری	A1 :: رنگ‌ها و شکل‌ها
marron	مارُن — قهوه‌ای	A1 :: رنگ‌ها و شکل‌ها
beige	بِژ — بژ	A1 :: رنگ‌ها و شکل‌ها
doré	دُره — طلایی	A1 :: رنگ‌ها و شکل‌ها
argenté	آرژانته — نقره‌ای	A1 :: رنگ‌ها و شکل‌ها
clair	کْلِر — روشن	A1 :: رنگ‌ها و شکل‌ها
foncé	فُنسه — تیره	A1 :: رنگ‌ها و شکل‌ها
la forme	لا فُرم — شکل	A1 :: رنگ‌ها و شکل‌ها
le carré	لُ کاره — مربع	A1 :: رنگ‌ها و شکل‌ها
le cercle	لُ سِرکْل — دایره	A1 :: رنگ‌ها و شکل‌ها
le triangle	لُ تْری‌یانگْل — مثلث	A1 :: رنگ‌ها و شکل‌ها
le rectangle	لُ رِکتانگْل — مستطیل	A1 :: رنگ‌ها و شکل‌ها
la ligne	لا لینی — خط	A1 :: رنگ‌ها و شکل‌ها
le point	لُ پوَن — نقطه	A1 :: رنگ‌ها و شکل‌ها
rond	رُن — گرد	A1 :: رنگ‌ها و شکل‌ها
droit	دْروآ — راست / مستقیم	A1 :: رنگ‌ها و شکل‌ها
grand	گْران — بزرگ	A1 :: رنگ‌ها و شکل‌ها
petit	پُتی — کوچک	A1 :: رنگ‌ها و شکل‌ها
long	لُن — بلند	A1 :: رنگ‌ها و شکل‌ها
court	کور — کوتاه	A1 :: رنگ‌ها و شکل‌ها
large	لارژ — پهن	A1 :: رنگ‌ها و شکل‌ها
étroit	اِتْروآ — باریک	A1 :: رنگ‌ها و شکل‌ها
le corps	لُ کُر — بدن	A1 :: بدن انسان
la tête	لا تِت — سر	A1 :: بدن انسان
le visage	لُ ویزاژ — صورت	A1 :: بدن انسان
les cheveux	لِ شُوُ — موها	A1 :: بدن انسان
l'œil	لُی — چشم	A1 :: بدن انسان
les yeux	لِ زیُ — چشم‌ها	A1 :: بدن انسان
le nez	لُ نه — بینی	A1 :: بدن انسان
la bouche	لا بوش — دهان	A1 :: بدن انسان
l'oreille	لُ‌رِی — گوش	A1 :: بدن انسان
la dent	لا دان — دندان	A1 :: بدن انسان
la langue	لا لانگ — زبان (اندام)	A1 :: بدن انسان
le cou	لُ کو — گردن	A1 :: بدن انسان
l'épaule	لِپُل — شانه	A1 :: بدن انسان
le bras	لُ بْرا — بازو	A1 :: بدن انسان
la main	لا مَن — دست	A1 :: بدن انسان
le doigt	لُ دْوآ — انگشت	A1 :: بدن انسان
le dos	لُ دُ — پشت / کمر	A1 :: بدن انسان
le ventre	لُ وانتْر — شکم	A1 :: بدن انسان
la jambe	لا ژامب — پا (ساق)	A1 :: بدن انسان
le pied	لُ پیه — پا (کف)	A1 :: بدن انسان
le genou	لُ ژُنو — زانو	A1 :: بدن انسان
le cœur	لُ کُر — قلب	A1 :: بدن انسان
le sang	لُ سان — خون	A1 :: بدن انسان
la peau	لا پُ — پوست	A1 :: بدن انسان
l'os	لُس — استخوان	A1 :: بدن انسان
le muscle	لُ موسکْل — ماهیچه	A1 :: بدن انسان
l'estomac	لِستُما — معده	A1 :: بدن انسان
la voix	لا ووآ — صدا	A1 :: بدن انسان
le sourire	لُ سوریر — لبخند	A1 :: بدن انسان
la larme	لا لارم — اشک	A1 :: بدن انسان
la maison	لا مِزُن — خانه	A1 :: خانه و اتاق‌ها
l'appartement	لاپارتُمان — آپارتمان	A1 :: خانه و اتاق‌ها
l'immeuble	لیمُبْل — ساختمان	A1 :: خانه و اتاق‌ها
l'étage	لِتاژ — طبقه	A1 :: خانه و اتاق‌ها
la pièce	لا پی‌یِس — اتاق (فضا)	A1 :: خانه و اتاق‌ها
la chambre	لا شامبْر — اتاق خواب	A1 :: خانه و اتاق‌ها
le salon	لُ سالُن — اتاق نشیمن	A1 :: خانه و اتاق‌ها
la cuisine	لا کویزین — آشپزخانه	A1 :: خانه و اتاق‌ها
la salle de bains	لا سال دُ بَن — حمام	A1 :: خانه و اتاق‌ها
les toilettes	لِ توآلِت — دستشویی	A1 :: خانه و اتاق‌ها
le couloir	لُ کولوآر — راهرو	A1 :: خانه و اتاق‌ها
le balcon	لُ بالکُن — بالکن	A1 :: خانه و اتاق‌ها
le jardin	لُ ژاردَن — باغ / حیاط	A1 :: خانه و اتاق‌ها
la porte	لا پُرت — در	A1 :: خانه و اتاق‌ها
la fenêtre	لا فُنِتْر — پنجره	A1 :: خانه و اتاق‌ها
le mur	لُ مور — دیوار	A1 :: خانه و اتاق‌ها
le sol	لُ سُل — کف	A1 :: خانه و اتاق‌ها
le plafond	لُ پْلافُن — سقف	A1 :: خانه و اتاق‌ها
l'escalier	لِسکالیه — پله	A1 :: خانه و اتاق‌ها
l'ascenseur	لاسانسُر — آسانسور	A1 :: خانه و اتاق‌ها
la clé	لا کْله — کلید	A1 :: خانه و اتاق‌ها
le toit	لُ توآ — بام	A1 :: خانه و اتاق‌ها
la cave	لا کاو — زیرزمین	A1 :: خانه و اتاق‌ها
le garage	لُ گاراژ — پارکینگ / گاراژ	A1 :: خانه و اتاق‌ها
le loyer	لُ لْوآیه — اجاره‌بها	A1 :: خانه و اتاق‌ها
le voisin	لُ ووازَن — همسایه	A1 :: خانه و اتاق‌ها
déménager	دِمِناژه — اسباب‌کشی کردن	A1 :: خانه و اتاق‌ها
louer	لوئه — اجاره کردن	A1 :: خانه و اتاق‌ها
le meuble	لُ مُبْل — مبل / اثاثیه	A1 :: وسایل خانه
la table	لا تابْل — میز	A1 :: وسایل خانه
la chaise	لا شِز — صندلی	A1 :: وسایل خانه
le fauteuil	لُ فُتُی — مبل راحتی	A1 :: وسایل خانه
le canapé	لُ کاناپه — کاناپه	A1 :: وسایل خانه
le lit	لُ لی — تخت‌خواب	A1 :: وسایل خانه
l'armoire	لارموآر — کمد	A1 :: وسایل خانه
l'étagère	لِتاژِر — قفسه	A1 :: وسایل خانه
le tapis	لُ تاپی — فرش	A1 :: وسایل خانه
le rideau	لُ ریدُ — پرده	A1 :: وسایل خانه
la lampe	لا لامپ — چراغ	A1 :: وسایل خانه
le miroir	لُ میروآر — آینه	A1 :: وسایل خانه
le frigo	لُ فْریگُ — یخچال	A1 :: وسایل خانه
le four	لُ فور — فِر	A1 :: وسایل خانه
la cuisinière	لا کویزینی‌یِر — اجاق گاز	A1 :: وسایل خانه
le lave-linge	لُ لاو لَنژ — ماشین لباسشویی	A1 :: وسایل خانه
la vaisselle	لا وِسِل — ظرف‌ها	A1 :: وسایل خانه
l'assiette	لاسی‌یِت — بشقاب	A1 :: وسایل خانه
le verre	لُ وِر — لیوان	A1 :: وسایل خانه
la tasse	لا تاس — فنجان	A1 :: وسایل خانه
la fourchette	لا فورشِت — چنگال	A1 :: وسایل خانه
le couteau	لُ کوتُ — چاقو	A1 :: وسایل خانه
la cuillère	لا کویی‌یِر — قاشق	A1 :: وسایل خانه
la casserole	لا کاسْرُل — قابلمه	A1 :: وسایل خانه
la bouteille	لا بوتِی — بطری	A1 :: وسایل خانه
la serviette	لا سِرویِت — حوله / دستمال	A1 :: وسایل خانه
le savon	لُ ساوُن — صابون	A1 :: وسایل خانه
la poubelle	لا پوبِل — سطل زباله	A1 :: وسایل خانه
la télévision	لا تِلِویزیُن — تلویزیون	A1 :: وسایل خانه
l'horloge	لُرلُژ — ساعت دیواری	A1 :: وسایل خانه
la nourriture	لا نوریتور — غذا (خوراک)	A1 :: خوراکی و نوشیدنی
le repas	لُ رُپا — وعدهٔ غذایی	A1 :: خوراکی و نوشیدنی
le petit-déjeuner	لُ پُتی دِژُنه — صبحانه	A1 :: خوراکی و نوشیدنی
le déjeuner	لُ دِژُنه — ناهار	A1 :: خوراکی و نوشیدنی
le dîner	لُ دینه — شام	A1 :: خوراکی و نوشیدنی
le pain	لُ پَن — نان	A1 :: خوراکی و نوشیدنی
la baguette	لا باگِت — باگت	A1 :: خوراکی و نوشیدنی
le beurre	لُ بُر — کره	A1 :: خوراکی و نوشیدنی
le fromage	لُ فْرُماژ — پنیر	A1 :: خوراکی و نوشیدنی
l'œuf	لُف — تخم‌مرغ	A1 :: خوراکی و نوشیدنی
le lait	لُ لِ — شیر	A1 :: خوراکی و نوشیدنی
la viande	لا وی‌یاند — گوشت	A1 :: خوراکی و نوشیدنی
le poulet	لُ پولِ — مرغ	A1 :: خوراکی و نوشیدنی
le poisson	لُ پواسُن — ماهی	A1 :: خوراکی و نوشیدنی
le riz	لُ ری — برنج	A1 :: خوراکی و نوشیدنی
les pâtes	لِ پات — پاستا	A1 :: خوراکی و نوشیدنی
la soupe	لا سوپ — سوپ	A1 :: خوراکی و نوشیدنی
la salade	لا سالاد — سالاد	A1 :: خوراکی و نوشیدنی
le sel	لُ سِل — نمک	A1 :: خوراکی و نوشیدنی
le poivre	لُ پوآوْر — فلفل	A1 :: خوراکی و نوشیدنی
le sucre	لُ سوکْر — شکر	A1 :: خوراکی و نوشیدنی
l'huile	لویل — روغن	A1 :: خوراکی و نوشیدنی
le gâteau	لُ گاتُ — کیک	A1 :: خوراکی و نوشیدنی
le chocolat	لُ شُکُلا — شکلات	A1 :: خوراکی و نوشیدنی
la glace	لا گْلاس — بستنی	A1 :: خوراکی و نوشیدنی
l'eau	لُ — آب	A1 :: خوراکی و نوشیدنی
le café	لُ کافه — قهوه	A1 :: خوراکی و نوشیدنی
le thé	لُ ته — چای	A1 :: خوراکی و نوشیدنی
le jus	لُ ژو — آبمیوه	A1 :: خوراکی و نوشیدنی
le vin	لُ وَن — شراب	A1 :: خوراکی و نوشیدنی
la bière	لا بی‌یِر — آبجو	A1 :: خوراکی و نوشیدنی
avoir faim	آووآر فَن — گرسنه بودن	A1 :: خوراکی و نوشیدنی
avoir soif	آووآر سوآف — تشنه بودن	A1 :: خوراکی و نوشیدنی
délicieux	دِلیسیُ — خوشمزه	A1 :: خوراکی و نوشیدنی
le fruit	لُ فْرویی — میوه	A1 :: میوه و سبزی
le légume	لُ لِگوم — سبزی	A1 :: میوه و سبزی
la pomme	لا پُم — سیب	A1 :: میوه و سبزی
la poire	لا پوآر — گلابی	A1 :: میوه و سبزی
la banane	لا بانان — موز	A1 :: میوه و سبزی
l'orange	لُرانژ — پرتقال	A1 :: میوه و سبزی
le citron	لُ سیتْرُن — لیمو	A1 :: میوه و سبزی
la fraise	لا فْرِز — توت‌فرنگی	A1 :: میوه و سبزی
le raisin	لُ رِزَن — انگور	A1 :: میوه و سبزی
la pêche	لا پِش — هلو	A1 :: میوه و سبزی
l'abricot	لابْریکُ — زردآلو	A1 :: میوه و سبزی
la cerise	لا سُریز — گیلاس	A1 :: میوه و سبزی
la pastèque	لا پاستِک — هندوانه	A1 :: میوه و سبزی
le melon	لُ مُلُن — طالبی	A1 :: میوه و سبزی
la datte	لا دات — خرما	A1 :: میوه و سبزی
la grenade	لا گْرُناد — انار	A1 :: میوه و سبزی
la tomate	لا تُمات — گوجه‌فرنگی	A1 :: میوه و سبزی
la pomme de terre	لا پُم دُ تِر — سیب‌زمینی	A1 :: میوه و سبزی
l'oignon	لُنیُن — پیاز	A1 :: میوه و سبزی
l'ail	لای — سیر	A1 :: میوه و سبزی
la carotte	لا کارُت — هویج	A1 :: میوه و سبزی
le concombre	لُ کُنکُمبْر — خیار	A1 :: میوه و سبزی
l'aubergine	لُبِرژین — بادمجان	A1 :: میوه و سبزی
le poivron	لُ پوآوْرُن — فلفل دلمه‌ای	A1 :: میوه و سبزی
le champignon	لُ شامپینیُن — قارچ	A1 :: میوه و سبزی
l'épinard	لِپینار — اسفناج	A1 :: میوه و سبزی
le haricot	لُ آریکُ — لوبیا	A1 :: میوه و سبزی
le petit pois	لُ پُتی پوآ — نخود فرنگی	A1 :: میوه و سبزی
la laitue	لا لِتو — کاهو	A1 :: میوه و سبزی
le persil	لُ پِرسی — جعفری	A1 :: میوه و سبزی
le vêtement	لُ وِتْمان — لباس	A1 :: لباس
la chemise	لا شُمیز — پیراهن (مردانه)	A1 :: لباس
le tee-shirt	لُ تی‌شِرت — تی‌شرت	A1 :: لباس
le pantalon	لُ پانتالُن — شلوار	A1 :: لباس
le jean	لُ ژین — شلوار جین	A1 :: لباس
la jupe	لا ژوپ — دامن	A1 :: لباس
la robe	لا رُب — پیراهن (زنانه)	A1 :: لباس
le pull	لُ پول — پلیور	A1 :: لباس
la veste	لا وِست — کت	A1 :: لباس
le manteau	لُ مانتُ — پالتو	A1 :: لباس
le costume	لُ کُستوم — کت‌وشلوار	A1 :: لباس
la cravate	لا کْراوات — کراوات	A1 :: لباس
l'écharpe	لِشارپ — شال گردن	A1 :: لباس
le chapeau	لُ شاپُ — کلاه	A1 :: لباس
les gants	لِ گان — دستکش	A1 :: لباس
les chaussures	لِ شُسور — کفش	A1 :: لباس
les baskets	لِ باسکِت — کفش ورزشی	A1 :: لباس
les chaussettes	لِ شُسِت — جوراب	A1 :: لباس
le sac	لُ ساک — کیف	A1 :: لباس
le sac à main	لُ ساک آ مَن — کیف دستی	A1 :: لباس
la ceinture	لا سَنتور — کمربند	A1 :: لباس
les lunettes	لِ لونِت — عینک	A1 :: لباس
le maillot de bain	لُ مایُ دُ بَن — مایو	A1 :: لباس
le pyjama	لُ پیژاما — لباس خواب	A1 :: لباس
la taille	لا تای — سایز / قد	A1 :: لباس
porter	پُرته — پوشیدن (بر تن داشتن)	A1 :: لباس
s'habiller	سابی‌یه — لباس پوشیدن	A1 :: لباس
essayer	اِسِیه — امتحان کردن (لباس)	A1 :: لباس
à la mode	آ لا مُد — مُد روز	A1 :: لباس
la ville	لا ویل — شهر	A1 :: شهر و مکان‌ها
le village	لُ ویلاژ — روستا	A1 :: شهر و مکان‌ها
la rue	لا رو — خیابان	A1 :: شهر و مکان‌ها
l'avenue	لاوُنو — بلوار	A1 :: شهر و مکان‌ها
la place	لا پْلاس — میدان	A1 :: شهر و مکان‌ها
le quartier	لُ کارتیه — محله	A1 :: شهر و مکان‌ها
le centre-ville	لُ سانتْر ویل — مرکز شهر	A1 :: شهر و مکان‌ها
la gare	لا گار — ایستگاه قطار	A1 :: شهر و مکان‌ها
l'aéroport	لائِرُپُر — فرودگاه	A1 :: شهر و مکان‌ها
l'hôpital	لُپیتال — بیمارستان	A1 :: شهر و مکان‌ها
la pharmacie	لا فارماسی — داروخانه	A1 :: شهر و مکان‌ها
l'école	لِکُل — مدرسه	A1 :: شهر و مکان‌ها
l'université	لونیوِرسیته — دانشگاه	A1 :: شهر و مکان‌ها
la banque	لا بانک — بانک	A1 :: شهر و مکان‌ها
la poste	لا پُست — پست	A1 :: شهر و مکان‌ها
le magasin	لُ ماگازَن — مغازه	A1 :: شهر و مکان‌ها
le supermarché	لُ سوپِرمارشه — سوپرمارکت	A1 :: شهر و مکان‌ها
la boulangerie	لا بولانژْری — نانوایی	A1 :: شهر و مکان‌ها
le marché	لُ مارشه — بازار	A1 :: شهر و مکان‌ها
le restaurant	لُ رِستُران — رستوران	A1 :: شهر و مکان‌ها
le café	لُ کافه — کافه	A1 :: شهر و مکان‌ها
l'hôtel	لُتِل — هتل	A1 :: شهر و مکان‌ها
le musée	لُ موزه — موزه	A1 :: شهر و مکان‌ها
l'église	لِگْلیز — کلیسا	A1 :: شهر و مکان‌ها
la mosquée	لا مُسکه — مسجد	A1 :: شهر و مکان‌ها
le parc	لُ پارک — پارک	A1 :: شهر و مکان‌ها
le jardin public	لُ ژاردَن پوبْلیک — بوستان	A1 :: شهر و مکان‌ها
la bibliothèque	لا بیبْلی‌یُتِک — کتابخانه	A1 :: شهر و مکان‌ها
le cinéma	لُ سینِما — سینما	A1 :: شهر و مکان‌ها
le théâtre	لُ تِئاتْر — تئاتر	A1 :: شهر و مکان‌ها
le stade	لُ ستاد — ورزشگاه	A1 :: شهر و مکان‌ها
la piscine	لا پیسین — استخر	A1 :: شهر و مکان‌ها
le pont	لُ پُن — پل	A1 :: شهر و مکان‌ها
le parking	لُ پارکینگ — پارکینگ	A1 :: شهر و مکان‌ها
la voiture	لا وواتور — خودرو	A1 :: حمل‌ونقل
le bus	لُ بوس — اتوبوس	A1 :: حمل‌ونقل
le métro	لُ مِتْرُ — مترو	A1 :: حمل‌ونقل
le train	لُ تْرَن — قطار	A1 :: حمل‌ونقل
le tramway	لُ تْرامْوِ — تراموا	A1 :: حمل‌ونقل
l'avion	لاویُن — هواپیما	A1 :: حمل‌ونقل
le bateau	لُ باتُ — کشتی / قایق	A1 :: حمل‌ونقل
le vélo	لُ ولُ — دوچرخه	A1 :: حمل‌ونقل
la moto	لا مُتُ — موتورسیکلت	A1 :: حمل‌ونقل
le taxi	لُ تاکسی — تاکسی	A1 :: حمل‌ونقل
le camion	لُ کامیُن — کامیون	A1 :: حمل‌ونقل
le billet	لُ بی‌یِ — بلیت	A1 :: حمل‌ونقل
le ticket	لُ تیکِ — بلیت (اتوبوس/مترو)	A1 :: حمل‌ونقل
l'arrêt	لارِ — ایستگاه	A1 :: حمل‌ونقل
le quai	لُ کِ — سکو (ایستگاه)	A1 :: حمل‌ونقل
le départ	لُ دِپار — حرکت / عزیمت	A1 :: حمل‌ونقل
l'arrivée	لاریوه — ورود	A1 :: حمل‌ونقل
le retard	لُ رُتار — تأخیر	A1 :: حمل‌ونقل
le voyage	لُ ووآیاژ — سفر	A1 :: حمل‌ونقل
le conducteur	لُ کُندوکتُر — راننده	A1 :: حمل‌ونقل
le permis de conduire	لُ پِرمی دُ کُندویر — گواهینامهٔ رانندگی	A1 :: حمل‌ونقل
l'essence	لِسانس — بنزین	A1 :: حمل‌ونقل
la route	لا روت — جاده	A1 :: حمل‌ونقل
l'autoroute	لُتُروت — بزرگراه	A1 :: حمل‌ونقل
le feu rouge	لُ فُ روژ — چراغ قرمز	A1 :: حمل‌ونقل
conduire	کُندویر — رانندگی کردن	A1 :: حمل‌ونقل
prendre le bus	پْراندْر لُ بوس — با اتوبوس رفتن	A1 :: حمل‌ونقل
monter	مُنته — سوار شدن	A1 :: حمل‌ونقل
descendre	دِساندْر — پیاده شدن	A1 :: حمل‌ونقل
à pied	آ پیه — پیاده	A1 :: حمل‌ونقل
l'école	لِکُل — مدرسه	A1 :: مدرسه و کلاس
la classe	لا کْلاس — کلاس	A1 :: مدرسه و کلاس
le cours	لُ کور — درس / کلاس	A1 :: مدرسه و کلاس
le professeur	لُ پْرُفِسُر — معلم / استاد	A1 :: مدرسه و کلاس
l'élève	لِلِو — دانش‌آموز	A1 :: مدرسه و کلاس
le livre	لُ لیوْر — کتاب	A1 :: مدرسه و کلاس
le cahier	لُ کایه — دفتر	A1 :: مدرسه و کلاس
le stylo	لُ ستیلُ — خودکار	A1 :: مدرسه و کلاس
le crayon	لُ کْرِیُن — مداد	A1 :: مدرسه و کلاس
la gomme	لا گُم — پاک‌کن	A1 :: مدرسه و کلاس
la règle	لا رِگْل — خط‌کش	A1 :: مدرسه و کلاس
la feuille	لا فُی — برگ کاغذ	A1 :: مدرسه و کلاس
le papier	لُ پاپیه — کاغذ	A1 :: مدرسه و کلاس
le tableau	لُ تابْلُ — تختهٔ کلاس	A1 :: مدرسه و کلاس
le bureau	لُ بورُ — میز کار / دفتر	A1 :: مدرسه و کلاس
le sac à dos	لُ ساک آ دُ — کوله‌پشتی	A1 :: مدرسه و کلاس
l'ordinateur	لُردیناتُر — رایانه	A1 :: مدرسه و کلاس
le dictionnaire	لُ دیکسیُنِر — فرهنگ لغت	A1 :: مدرسه و کلاس
l'exercice	لِگزِرسیس — تمرین	A1 :: مدرسه و کلاس
le devoir	لُ دُووآر — تکلیف	A1 :: مدرسه و کلاس
l'examen	لِگزامَن — امتحان	A1 :: مدرسه و کلاس
la note	لا نُت — نمره	A1 :: مدرسه و کلاس
la question	لا کِستیُن — پرسش	A1 :: مدرسه و کلاس
la réponse	لا رِپُنس — پاسخ	A1 :: مدرسه و کلاس
le mot	لُ مُ — واژه	A1 :: مدرسه و کلاس
la phrase	لا فْراز — جمله	A1 :: مدرسه و کلاس
la page	لا پاژ — صفحه	A1 :: مدرسه و کلاس
apprendre	آپْراندْر — یاد گرفتن	A1 :: مدرسه و کلاس
étudier	اِتودیه — درس خواندن	A1 :: مدرسه و کلاس
écrire	اِکْریر — نوشتن	A1 :: مدرسه و کلاس
lire	لیر — خواندن	A1 :: مدرسه و کلاس
écouter	اِکوته — گوش دادن	A1 :: مدرسه و کلاس
expliquer	اِکسپْلیکه — توضیح دادن	A1 :: مدرسه و کلاس
les vacances	لِ واکانس — تعطیلات	A1 :: مدرسه و کلاس
le métier	لُ مِتیه — شغل / حرفه	A1 :: شغل‌ها
le travail	لُ تْراوای — کار	A1 :: شغل‌ها
le médecin	لُ مِدْسَن — پزشک	A1 :: شغل‌ها
l'infirmier	لَنفیرمیه — پرستار	A1 :: شغل‌ها
le dentiste	لُ دانتیست — دندان‌پزشک	A1 :: شغل‌ها
l'ingénieur	لَنژِنیُر — مهندس	A1 :: شغل‌ها
l'avocat	لاووکا — وکیل	A1 :: شغل‌ها
le journaliste	لُ ژورنالیست — روزنامه‌نگار	A1 :: شغل‌ها
le vendeur	لُ واندُر — فروشنده	A1 :: شغل‌ها
le boulanger	لُ بولانژه — نانوا	A1 :: شغل‌ها
le cuisinier	لُ کویزینیه — آشپز	A1 :: شغل‌ها
le serveur	لُ سِروُر — گارسون	A1 :: شغل‌ها
le coiffeur	لُ کوآفُر — آرایشگر	A1 :: شغل‌ها
le chauffeur	لُ شُفُر — راننده	A1 :: شغل‌ها
le policier	لُ پُلیسیه — پلیس	A1 :: شغل‌ها
le pompier	لُ پُمپیه — آتش‌نشان	A1 :: شغل‌ها
le facteur	لُ فاکتُر — پستچی	A1 :: شغل‌ها
l'agriculteur	لاگْریکولتُر — کشاورز	A1 :: شغل‌ها
l'ouvrier	لووْریه — کارگر	A1 :: شغل‌ها
le secrétaire	لُ سُکْرِتِر — منشی	A1 :: شغل‌ها
le directeur	لُ دیرِکتُر — مدیر	A1 :: شغل‌ها
l'employé	لانپْلوایه — کارمند	A1 :: شغل‌ها
l'artiste	لارتیست — هنرمند	A1 :: شغل‌ها
le musicien	لُ موزیسی‌یَن — نوازنده	A1 :: شغل‌ها
l'acteur	لاکتُر — بازیگر	A1 :: شغل‌ها
l'écrivain	لِکْریوَن — نویسنده	A1 :: شغل‌ها
le chercheur	لُ شِرشُر — پژوهشگر	A1 :: شغل‌ها
le retraité	لُ رُتْرِته — بازنشسته	A1 :: شغل‌ها
le chômeur	لُ شُمُر — بیکار	A1 :: شغل‌ها
travailler	تْراوایه — کار کردن	A1 :: شغل‌ها
gagner	گانیه — درآمد داشتن / بردن	A1 :: شغل‌ها
l'animal	لانیمال — حیوان	A1 :: حیوانات
le chien	لُ شی‌یَن — سگ	A1 :: حیوانات
le chat	لُ شا — گربه	A1 :: حیوانات
le cheval	لُ شُوال — اسب	A1 :: حیوانات
la vache	لا واش — گاو	A1 :: حیوانات
le mouton	لُ موتُن — گوسفند	A1 :: حیوانات
la chèvre	لا شِوْر — بز	A1 :: حیوانات
le poulet	لُ پولِ — جوجه / مرغ	A1 :: حیوانات
le coq	لُ کُک — خروس	A1 :: حیوانات
le canard	لُ کانار — اردک	A1 :: حیوانات
l'oiseau	لواُزُ — پرنده	A1 :: حیوانات
le poisson	لُ پواسُن — ماهی	A1 :: حیوانات
la souris	لا سوری — موش	A1 :: حیوانات
le lapin	لُ لاپَن — خرگوش	A1 :: حیوانات
le lion	لُ لی‌یُن — شیر (جانور)	A1 :: حیوانات
le tigre	لُ تیگْر — ببر	A1 :: حیوانات
l'éléphant	لِلِفان — فیل	A1 :: حیوانات
le singe	لُ سَنژ — میمون	A1 :: حیوانات
l'ours	لورس — خرس	A1 :: حیوانات
le loup	لُ لو — گرگ	A1 :: حیوانات
le renard	لُ رُنار — روباه	A1 :: حیوانات
le serpent	لُ سِرپان — مار	A1 :: حیوانات
l'abeille	لابِی — زنبور عسل	A1 :: حیوانات
la mouche	لا موش — مگس	A1 :: حیوانات
le papillon	لُ پاپیُن — پروانه	A1 :: حیوانات
l'araignée	لارِنیه — عنکبوت	A1 :: حیوانات
la fourmi	لا فورمی — مورچه	A1 :: حیوانات
le chameau	لُ شامُ — شتر	A1 :: حیوانات
la queue	لا کُ — دم	A1 :: حیوانات
l'aile	لِل — بال	A1 :: حیوانات
le temps	لُ تان — هوا / زمان	A1 :: آب‌وهوا و طبیعت
le soleil	لُ سُلِی — خورشید	A1 :: آب‌وهوا و طبیعت
la lune	لا لون — ماه (آسمان)	A1 :: آب‌وهوا و طبیعت
l'étoile	لِتوآل — ستاره	A1 :: آب‌وهوا و طبیعت
le ciel	لُ سی‌یِل — آسمان	A1 :: آب‌وهوا و طبیعت
le nuage	لُ نویاژ — ابر	A1 :: آب‌وهوا و طبیعت
la pluie	لا پْلویی — باران	A1 :: آب‌وهوا و طبیعت
la neige	لا نِژ — برف	A1 :: آب‌وهوا و طبیعت
le vent	لُ وان — باد	A1 :: آب‌وهوا و طبیعت
l'orage	لُراژ — رعدوبرق	A1 :: آب‌وهوا و طبیعت
le brouillard	لُ بْرویار — مه	A1 :: آب‌وهوا و طبیعت
il fait beau	ایل فِ بُ — هوا خوب است	A1 :: آب‌وهوا و طبیعت
il fait chaud	ایل فِ شُ — هوا گرم است	A1 :: آب‌وهوا و طبیعت
il fait froid	ایل فِ فْروآ — هوا سرد است	A1 :: آب‌وهوا و طبیعت
il pleut	ایل پْلُ — باران می‌بارد	A1 :: آب‌وهوا و طبیعت
il neige	ایل نِژ — برف می‌بارد	A1 :: آب‌وهوا و طبیعت
la saison	لا سِزُن — فصل	A1 :: آب‌وهوا و طبیعت
le printemps	لُ پْرَنتان — بهار	A1 :: آب‌وهوا و طبیعت
l'été	لِته — تابستان	A1 :: آب‌وهوا و طبیعت
l'automne	لُتُن — پاییز	A1 :: آب‌وهوا و طبیعت
l'hiver	لیوِر — زمستان	A1 :: آب‌وهوا و طبیعت
la nature	لا ناتور — طبیعت	A1 :: آب‌وهوا و طبیعت
l'arbre	لاربْر — درخت	A1 :: آب‌وهوا و طبیعت
la fleur	لا فْلُر — گل	A1 :: آب‌وهوا و طبیعت
l'herbe	لِرب — علف	A1 :: آب‌وهوا و طبیعت
la forêt	لا فُرِ — جنگل	A1 :: آب‌وهوا و طبیعت
la montagne	لا مُنتانی — کوه	A1 :: آب‌وهوا و طبیعت
la mer	لا مِر — دریا	A1 :: آب‌وهوا و طبیعت
la plage	لا پْلاژ — ساحل	A1 :: آب‌وهوا و طبیعت
le lac	لُ لاک — دریاچه	A1 :: آب‌وهوا و طبیعت
la rivière	لا ریوی‌یِر — رودخانه	A1 :: آب‌وهوا و طبیعت
la terre	لا تِر — زمین / خاک	A1 :: آب‌وهوا و طبیعت
le feu	لُ فُ — آتش	A1 :: آب‌وهوا و طبیعت
être	اِتْر — بودن	A1 :: فعل‌های پایه
avoir	آووآر — داشتن	A1 :: فعل‌های پایه
aller	آله — رفتن	A1 :: فعل‌های پایه
venir	وُنیر — آمدن	A1 :: فعل‌های پایه
faire	فِر — انجام دادن / ساختن	A1 :: فعل‌های پایه
dire	دیر — گفتن	A1 :: فعل‌های پایه
voir	ووآر — دیدن	A1 :: فعل‌های پایه
regarder	رُگارده — نگاه کردن	A1 :: فعل‌های پایه
entendre	آنتاندْر — شنیدن	A1 :: فعل‌های پایه
manger	مانژه — خوردن	A1 :: فعل‌های پایه
boire	بوآر — نوشیدن	A1 :: فعل‌های پایه
dormir	دُرمیر — خوابیدن	A1 :: فعل‌های پایه
se réveiller	سُ رِوِیه — بیدار شدن	A1 :: فعل‌های پایه
se lever	سُ لُوه — بلند شدن	A1 :: فعل‌های پایه
marcher	مارشه — راه رفتن	A1 :: فعل‌های پایه
courir	کوریر — دویدن	A1 :: فعل‌های پایه
acheter	آشْته — خریدن	A1 :: فعل‌های پایه
vendre	واندْر — فروختن	A1 :: فعل‌های پایه
payer	پِیه — پرداختن	A1 :: فعل‌های پایه
donner	دُنه — دادن	A1 :: فعل‌های پایه
prendre	پْراندْر — گرفتن / برداشتن	A1 :: فعل‌های پایه
mettre	مِتْر — گذاشتن / پوشیدن	A1 :: فعل‌های پایه
ouvrir	اووْریر — باز کردن	A1 :: فعل‌های پایه
fermer	فِرمه — بستن	A1 :: فعل‌های پایه
commencer	کُمانسه — شروع کردن	A1 :: فعل‌های پایه
finir	فینیر — تمام کردن	A1 :: فعل‌های پایه
attendre	آتاندْر — منتظر ماندن	A1 :: فعل‌های پایه
chercher	شِرشه — جست‌وجو کردن	A1 :: فعل‌های پایه
trouver	تْروووه — پیدا کردن	A1 :: فعل‌های پایه
aimer	اِمه — دوست داشتن	A1 :: فعل‌های پایه
vouloir	وولوآر — خواستن	A1 :: فعل‌های پایه
pouvoir	پووووآر — توانستن	A1 :: فعل‌های پایه
devoir	دُووآر — بایستن	A1 :: فعل‌های پایه
savoir	ساووآر — دانستن	A1 :: فعل‌های پایه
penser	پانسه — فکر کردن	A1 :: فعل‌های پایه
jouer	ژوئه — بازی کردن	A1 :: فعل‌های پایه
rester	رِسته — ماندن	A1 :: فعل‌های پایه
partir	پارتیر — رفتن / عزیمت کردن	A1 :: فعل‌های پایه
rentrer	رانتْره — برگشتن (به خانه)	A1 :: فعل‌های پایه
appeler	آپُله — صدا زدن / زنگ زدن	A1 :: فعل‌های پایه
bon	بُن — خوب	A1 :: صفت‌های پایه
mauvais	مُوِ — بد	A1 :: صفت‌های پایه
beau	بُ — زیبا (مذکر)	A1 :: صفت‌های پایه
belle	بِل — زیبا (مؤنث)	A1 :: صفت‌های پایه
joli	ژُلی — قشنگ	A1 :: صفت‌های پایه
laid	لِ — زشت	A1 :: صفت‌های پایه
jeune	ژُن — جوان	A1 :: صفت‌های پایه
vieux	وی‌یُ — پیر / کهنه	A1 :: صفت‌های پایه
nouveau	نوووُ — نو	A1 :: صفت‌های پایه
facile	فاسیل — آسان	A1 :: صفت‌های پایه
difficile	دیفیسیل — دشوار	A1 :: صفت‌های پایه
content	کُنتان — خوشحال	A1 :: صفت‌های پایه
triste	تْریست — غمگین	A1 :: صفت‌های پایه
fatigué	فاتیگه — خسته	A1 :: صفت‌های پایه
malade	مالاد — بیمار	A1 :: صفت‌های پایه
fort	فُر — قوی	A1 :: صفت‌های پایه
faible	فِبْل — ضعیف	A1 :: صفت‌های پایه
riche	ریش — ثروتمند	A1 :: صفت‌های پایه
pauvre	پُوْر — فقیر	A1 :: صفت‌های پایه
cher	شِر — گران / عزیز	A1 :: صفت‌های پایه
gratuit	گْراتویی — رایگان	A1 :: صفت‌های پایه
chaud	شُ — گرم	A1 :: صفت‌های پایه
froid	فْروآ — سرد	A1 :: صفت‌های پایه
propre	پْرُپْر — تمیز	A1 :: صفت‌های پایه
sale	سال — کثیف	A1 :: صفت‌های پایه
plein	پْلَن — پر	A1 :: صفت‌های پایه
vide	وید — خالی	A1 :: صفت‌های پایه
lourd	لور — سنگین	A1 :: صفت‌های پایه
léger	لِژه — سبک	A1 :: صفت‌های پایه
rapide	راپید — سریع	A1 :: صفت‌های پایه
lent	لان — کند	A1 :: صفت‌های پایه
prêt	پْرِ — آماده	A1 :: صفت‌های پایه
libre	لیبْر — آزاد / خالی	A1 :: صفت‌های پایه
occupé	اُکوپه — مشغول	A1 :: صفت‌های پایه
important	اَنپُرتان — مهم	A1 :: صفت‌های پایه
possible	پُسیبْل — ممکن	A1 :: صفت‌های پایه
qui ?	کی — چه کسی؟	A1 :: پرسش‌واژه‌ها و کلمات ربط
que ? / quoi ?	کُ / کوآ — چه؟	A1 :: پرسش‌واژه‌ها و کلمات ربط
où ?	او — کجا؟	A1 :: پرسش‌واژه‌ها و کلمات ربط
quand ?	کان — کِی؟	A1 :: پرسش‌واژه‌ها و کلمات ربط
comment ?	کُمان — چطور؟	A1 :: پرسش‌واژه‌ها و کلمات ربط
pourquoi ?	پورکوآ — چرا؟	A1 :: پرسش‌واژه‌ها و کلمات ربط
combien ?	کُمبی‌یَن — چقدر؟ / چند تا؟	A1 :: پرسش‌واژه‌ها و کلمات ربط
quel / quelle ?	کِل — کدام؟	A1 :: پرسش‌واژه‌ها و کلمات ربط
est-ce que	اِس کُ — آیا (نشانهٔ پرسش)	A1 :: پرسش‌واژه‌ها و کلمات ربط
qu'est-ce que c'est ?	کِس کُ سِ — این چیست؟	A1 :: پرسش‌واژه‌ها و کلمات ربط
et	اِ — و	A1 :: پرسش‌واژه‌ها و کلمات ربط
ou	او — یا	A1 :: پرسش‌واژه‌ها و کلمات ربط
mais	مِ — اما	A1 :: پرسش‌واژه‌ها و کلمات ربط
donc	دُنک — پس / بنابراین	A1 :: پرسش‌واژه‌ها و کلمات ربط
parce que	پارس کُ — چون	A1 :: پرسش‌واژه‌ها و کلمات ربط
alors	آلُر — پس / در این صورت	A1 :: پرسش‌واژه‌ها و کلمات ربط
aussi	اُسی — همچنین	A1 :: پرسش‌واژه‌ها و کلمات ربط
puis	پویی — سپس	A1 :: پرسش‌واژه‌ها و کلمات ربط
d'abord	دابُر — نخست	A1 :: پرسش‌واژه‌ها و کلمات ربط
ensuite	آنسویت — بعد	A1 :: پرسش‌واژه‌ها و کلمات ربط
enfin	آنفَن — سرانجام	A1 :: پرسش‌واژه‌ها و کلمات ربط
beaucoup	بُکو — خیلی	A1 :: پرسش‌واژه‌ها و کلمات ربط
un peu	اَن پُ — کمی	A1 :: پرسش‌واژه‌ها و کلمات ربط
très	تْرِ — بسیار	A1 :: پرسش‌واژه‌ها و کلمات ربط
trop	تْرُ — بیش از حد	A1 :: پرسش‌واژه‌ها و کلمات ربط
assez	آسه — به‌اندازه / نسبتاً	A1 :: پرسش‌واژه‌ها و کلمات ربط
toujours	توژور — همیشه	A1 :: پرسش‌واژه‌ها و کلمات ربط
souvent	سووان — اغلب	A1 :: پرسش‌واژه‌ها و کلمات ربط
parfois	پارفوآ — گاهی	A1 :: پرسش‌واژه‌ها و کلمات ربط
jamais	ژامِ — هرگز	A1 :: پرسش‌واژه‌ها و کلمات ربط
déjà	دِژا — قبلاً / همین حالا	A1 :: پرسش‌واژه‌ها و کلمات ربط
encore	آنکُر — هنوز / دوباره	A1 :: پرسش‌واژه‌ها و کلمات ربط
bien sûr	بی‌یَن سور — البته	A1 :: پرسش‌واژه‌ها و کلمات ربط
je	ژُ — من	A1 :: ضمیرها و حروف اضافه
tu	تو — تو	A1 :: ضمیرها و حروف اضافه
il / elle	ایل / اِل — او (مرد / زن)	A1 :: ضمیرها و حروف اضافه
nous	نو — ما	A1 :: ضمیرها و حروف اضافه
vous	وو — شما	A1 :: ضمیرها و حروف اضافه
ils / elles	ایل / اِل — آن‌ها	A1 :: ضمیرها و حروف اضافه
moi	موآ — من (تأکیدی)	A1 :: ضمیرها و حروف اضافه
toi	توآ — تو (تأکیدی)	A1 :: ضمیرها و حروف اضافه
on	اُن — ما / مردم (غیرشخصی)	A1 :: ضمیرها و حروف اضافه
mon / ma	مُن / ما — مالِ من	A1 :: ضمیرها و حروف اضافه
ton / ta	تُن / تا — مالِ تو	A1 :: ضمیرها و حروف اضافه
son / sa	سُن / سا — مالِ او	A1 :: ضمیرها و حروف اضافه
notre	نُتْر — مالِ ما	A1 :: ضمیرها و حروف اضافه
votre	وُتْر — مالِ شما	A1 :: ضمیرها و حروف اضافه
leur	لُر — مالِ آن‌ها	A1 :: ضمیرها و حروف اضافه
ce / cette	سُ / سِت — این	A1 :: ضمیرها و حروف اضافه
celui-ci	سُلویی سی — این یکی	A1 :: ضمیرها و حروف اضافه
tout	تو — همه / تمام	A1 :: ضمیرها و حروف اضافه
chaque	شاک — هر	A1 :: ضمیرها و حروف اضافه
quelque chose	کِلکُ شُز — چیزی	A1 :: ضمیرها و حروف اضافه
quelqu'un	کِلکَن — کسی	A1 :: ضمیرها و حروف اضافه
rien	ری‌یَن — هیچ‌چیز	A1 :: ضمیرها و حروف اضافه
personne	پِرسُن — هیچ‌کس	A1 :: ضمیرها و حروف اضافه
à	آ — به / در	A1 :: ضمیرها و حروف اضافه
de	دُ — از / مالِ	A1 :: ضمیرها و حروف اضافه
dans	دان — داخلِ	A1 :: ضمیرها و حروف اضافه
sur	سور — روی	A1 :: ضمیرها و حروف اضافه
sous	سو — زیر	A1 :: ضمیرها و حروف اضافه
devant	دُوان — جلوی	A1 :: ضمیرها و حروف اضافه
derrière	دِری‌یِر — پشتِ	A1 :: ضمیرها و حروف اضافه
entre	آنتْر — بین	A1 :: ضمیرها و حروف اضافه
avec	آوِک — با	A1 :: ضمیرها و حروف اضافه
sans	سان — بدونِ	A1 :: ضمیرها و حروف اضافه
pour	پور — برای	A1 :: ضمیرها و حروف اضافه
chez	شه — نزدِ / خانهٔ	A1 :: ضمیرها و حروف اضافه
près de	پْرِ دُ — نزدیکِ	A1 :: ضمیرها و حروف اضافه
loin de	لْوَن دُ — دور از	A1 :: ضمیرها و حروف اضافه
à côté de	آ کُته دُ — کنارِ	A1 :: ضمیرها و حروف اضافه
ici	ایسی — اینجا	A1 :: ضمیرها و حروف اضافه
là-bas	لا با — آنجا	A1 :: ضمیرها و حروف اضافه
la journée	لا ژورنه — طول روز	A2 :: زندگی روزمره
l'habitude	لابیتود — عادت	A2 :: زندگی روزمره
la routine	لا روتین — روال روزانه	A2 :: زندگی روزمره
se réveiller	سُ رِوِیه — بیدار شدن	A2 :: زندگی روزمره
se lever	سُ لُوه — از خواب برخاستن	A2 :: زندگی روزمره
se laver	سُ لاوه — خود را شستن	A2 :: زندگی روزمره
se doucher	سُ دوشه — دوش گرفتن	A2 :: زندگی روزمره
se brosser les dents	سُ بْرُسه لِ دان — مسواک زدن	A2 :: زندگی روزمره
se coiffer	سُ کوآفه — موها را مرتب کردن	A2 :: زندگی روزمره
se raser	سُ رازه — اصلاح کردن	A2 :: زندگی روزمره
se maquiller	سُ ماکیه — آرایش کردن	A2 :: زندگی روزمره
s'habiller	سابی‌یه — لباس پوشیدن	A2 :: زندگی روزمره
prendre le petit-déjeuner	پْراندْر لُ پُتی دِژُنه — صبحانه خوردن	A2 :: زندگی روزمره
sortir	سُرتیر — بیرون رفتن	A2 :: زندگی روزمره
se dépêcher	سُ دِپِشه — عجله کردن	A2 :: زندگی روزمره
être en retard	اِتْر آن رُتار — دیر رسیدن	A2 :: زندگی روزمره
être à l'heure	اِتْر آ لُر — سر وقت بودن	A2 :: زندگی روزمره
rentrer à la maison	رانتْره آ لا مِزُن — به خانه برگشتن	A2 :: زندگی روزمره
se reposer	سُ رُپُزه — استراحت کردن	A2 :: زندگی روزمره
se coucher	سُ کوشه — به رختخواب رفتن	A2 :: زندگی روزمره
s'endormir	ساندُرمیر — به خواب رفتن	A2 :: زندگی روزمره
la sieste	لا سیِست — چرت	A2 :: زندگی روزمره
l'emploi du temps	لانپْلوآ دو تان — برنامهٔ زمانی	A2 :: زندگی روزمره
le rendez-vous	لُ رانده وو — قرار ملاقات	A2 :: زندگی روزمره
le réveil	لُ رِوِی — ساعت زنگ‌دار	A2 :: زندگی روزمره
d'habitude	دابیتود — معمولاً	A2 :: زندگی روزمره
tous les jours	تو لِ ژور — هر روز	A2 :: زندگی روزمره
le week-end	لُ ویک‌اِند — آخر هفته	A2 :: زندگی روزمره
le jour férié	لُ ژور فِریه — روز تعطیل	A2 :: زندگی روزمره
occupé	اُکوپه — پرمشغله	A2 :: زندگی روزمره
faire les courses	فِر لِ کورس — خرید روزانه کردن	A2 :: خرید کردن
le client	لُ کْلی‌یان — مشتری	A2 :: خرید کردن
le vendeur	لُ واندُر — فروشنده	A2 :: خرید کردن
la caisse	لا کِس — صندوق	A2 :: خرید کردن
le caissier	لُ کِسیه — صندوق‌دار	A2 :: خرید کردن
le prix	لُ پْری — قیمت	A2 :: خرید کردن
la promotion	لا پْرُمُسیُن — تخفیف ویژه	A2 :: خرید کردن
les soldes	لِ سُلد — حراج	A2 :: خرید کردن
la réduction	لا رِدوکسیُن — تخفیف	A2 :: خرید کردن
la monnaie	لا مُنِ — پول خرد	A2 :: خرید کردن
le billet	لُ بی‌یِ — اسکناس	A2 :: خرید کردن
la pièce	لا پی‌یِس — سکه	A2 :: خرید کردن
la carte bancaire	لا کارت بانکِر — کارت بانکی	A2 :: خرید کردن
l'argent liquide	لارژان لیکید — پول نقد	A2 :: خرید کردن
le ticket de caisse	لُ تیکِ دُ کِس — رسید خرید	A2 :: خرید کردن
le sac plastique	لُ ساک پْلاستیک — کیسهٔ پلاستیکی	A2 :: خرید کردن
le chariot	لُ شاریُ — چرخ خرید	A2 :: خرید کردن
le rayon	لُ رِیُن — قفسه / بخش فروشگاه	A2 :: خرید کردن
la boucherie	لا بوشْری — قصابی	A2 :: خرید کردن
la pâtisserie	لا پاتیسْری — شیرینی‌فروشی	A2 :: خرید کردن
l'épicerie	لِپیسْری — بقالی	A2 :: خرید کردن
le kilo	لُ کیلُ — کیلوگرم	A2 :: خرید کردن
le litre	لُ لیتْر — لیتر	A2 :: خرید کردن
la moitié	لا مواتیه — نصف	A2 :: خرید کردن
le paquet	لُ پاکِ — بسته	A2 :: خرید کردن
la boîte	لا بوآت — قوطی / جعبه	A2 :: خرید کردن
coûter	کوته — قیمت داشتن	A2 :: خرید کردن
dépenser	دِپانسه — خرج کردن	A2 :: خرید کردن
économiser	اِکُنُمیزه — پس‌انداز کردن	A2 :: خرید کردن
choisir	شواسیر — انتخاب کردن	A2 :: خرید کردن
rendre	راندْر — پس دادن	A2 :: خرید کردن
échanger	اِشانژه — تعویض کردن	A2 :: خرید کردن
bon marché	بُن مارشه — ارزان	A2 :: خرید کردن
le menu	لُ مُنو — منوی غذا	A2 :: رستوران و کافه
la carte	لا کارت — فهرست غذا	A2 :: رستوران و کافه
l'entrée	لانتْره — پیش‌غذا	A2 :: رستوران و کافه
le plat principal	لُ پْلا پْرَنسیپال — غذای اصلی	A2 :: رستوران و کافه
le dessert	لُ دِسِر — دسر	A2 :: رستوران و کافه
la boisson	لا بواسُن — نوشیدنی	A2 :: رستوران و کافه
le comptoir	لُ کُنتوآر — پیشخوان	A2 :: رستوران و کافه
la commande	لا کُماند — سفارش	A2 :: رستوران و کافه
commander	کُمانده — سفارش دادن	A2 :: رستوران و کافه
l'addition	لادیسیُن — صورتحساب	A2 :: رستوران و کافه
le pourboire	لُ پوربوآر — انعام	A2 :: رستوران و کافه
la réservation	لا رِزِرواسیُن — رزرو	A2 :: رستوران و کافه
réserver	رِزِروه — رزرو کردن	A2 :: رستوران و کافه
la terrasse	لا تِراس — فضای بیرون کافه	A2 :: رستوران و کافه
le plateau	لُ پْلاتُ — سینی	A2 :: رستوران و کافه
la nappe	لا ناپ — رومیزی	A2 :: رستوران و کافه
le steak	لُ ستِک — استیک	A2 :: رستوران و کافه
saignant	سِنیان — نیم‌پز	A2 :: رستوران و کافه
à point	آ پوَن — متوسط‌پز	A2 :: رستوران و کافه
bien cuit	بی‌یَن کویی — کاملاً پخته	A2 :: رستوران و کافه
les frites	لِ فْریت — سیب‌زمینی سرخ‌کرده	A2 :: رستوران و کافه
le sandwich	لُ ساندْویچ — ساندویچ	A2 :: رستوران و کافه
la pizza	لا پیدزا — پیتزا	A2 :: رستوران و کافه
le croissant	لُ کْروآسان — کروسان	A2 :: رستوران و کافه
la crêpe	لا کْرِپ — کرِپ	A2 :: رستوران و کافه
le sucre	لُ سوکْر — شکر	A2 :: رستوران و کافه
végétarien	وِژِتاری‌یَن — گیاه‌خوار	A2 :: رستوران و کافه
l'allergie	لالِرژی — حساسیت	A2 :: رستوران و کافه
goûter	گوته — چشیدن	A2 :: رستوران و کافه
avoir faim	آووآر فَن — گرسنه بودن	A2 :: رستوران و کافه
l'apéritif	لاپِریتیف — نوشیدنی پیش از غذا	A2 :: رستوران و کافه
servir	سِرویر — سرو کردن	A2 :: رستوران و کافه
le voyage	لُ ووآیاژ — سفر	A2 :: سفر و اقامت
voyager	ووآیاژه — سفر کردن	A2 :: سفر و اقامت
le touriste	لُ توریست — گردشگر	A2 :: سفر و اقامت
la valise	لا والیز — چمدان	A2 :: سفر و اقامت
le bagage	لُ باگاژ — بار سفر	A2 :: سفر و اقامت
le passeport	لُ پاسْپُر — گذرنامه	A2 :: سفر و اقامت
le visa	لُ ویزا — روادید	A2 :: سفر و اقامت
la carte d'identité	لا کارت دیدانتیته — کارت شناسایی	A2 :: سفر و اقامت
la frontière	لا فْرُنتی‌یِر — مرز	A2 :: سفر و اقامت
la douane	لا دوآن — گمرک	A2 :: سفر و اقامت
le vol	لُ وُل — پرواز	A2 :: سفر و اقامت
l'aller-retour	لاله رُتور — بلیت رفت و برگشت	A2 :: سفر و اقامت
l'aller simple	لاله سَمپْل — بلیت یک‌طرفه	A2 :: سفر و اقامت
la correspondance	لا کُرِسپُنْدانس — پرواز / قطار رابط	A2 :: سفر و اقامت
l'hôtel	لُتِل — هتل	A2 :: سفر و اقامت
l'auberge de jeunesse	لُبِرژ دُ ژُنِس — خوابگاه مسافرتی	A2 :: سفر و اقامت
la chambre double	لا شامبْر دوبْل — اتاق دو نفره	A2 :: سفر و اقامت
la réception	لا رِسِپسیُن — پذیرش	A2 :: سفر و اقامت
la clé de la chambre	لا کْله دُ لا شامبْر — کلید اتاق	A2 :: سفر و اقامت
le séjour	لُ سِژور — اقامت	A2 :: سفر و اقامت
la carte postale	لا کارت پُستال — کارت پستال	A2 :: سفر و اقامت
le souvenir	لُ سووُنیر — سوغات / خاطره	A2 :: سفر و اقامت
l'appareil photo	لاپارِی فُتُ — دوربین عکاسی	A2 :: سفر و اقامت
le guide	لُ گید — راهنما	A2 :: سفر و اقامت
le plan de la ville	لُ پْلان دُ لا ویل — نقشهٔ شهر	A2 :: سفر و اقامت
la visite guidée	لا ویزیت گیده — تور با راهنما	A2 :: سفر و اقامت
l'office de tourisme	لُفیس دُ توریسم — دفتر گردشگری	A2 :: سفر و اقامت
la destination	لا دِستیناسیُن — مقصد	A2 :: سفر و اقامت
annuler	آنوله — لغو کردن	A2 :: سفر و اقامت
confirmer	کُنفیرمه — تأیید کردن	A2 :: سفر و اقامت
l'assurance	لاسورانس — بیمه	A2 :: سفر و اقامت
à l'étranger	آ لِتْرانژه — در خارج از کشور	A2 :: سفر و اقامت
la santé	لا سانته — سلامتی	A2 :: سلامتی و پزشک
le médecin	لُ مِدْسَن — پزشک	A2 :: سلامتی و پزشک
le cabinet médical	لُ کابینه مِدیکال — مطب	A2 :: سلامتی و پزشک
la consultation	لا کُنسولتاسیُن — ویزیت	A2 :: سلامتی و پزشک
l'ordonnance	لُردُنانس — نسخه	A2 :: سلامتی و پزشک
le médicament	لُ مِدیکامان — دارو	A2 :: سلامتی و پزشک
le comprimé	لُ کُمپْریمه — قرص	A2 :: سلامتی و پزشک
le sirop	لُ سیرُ — شربت	A2 :: سلامتی و پزشک
la piqûre	لا پیکور — آمپول / تزریق	A2 :: سلامتی و پزشک
le vaccin	لُ واکسَن — واکسن	A2 :: سلامتی و پزشک
la douleur	لا دولُر — درد	A2 :: سلامتی و پزشک
avoir mal à la tête	آووآر مال آ لا تِت — سردرد داشتن	A2 :: سلامتی و پزشک
avoir mal au ventre	آووآر مال اُ وانتْر — دل‌درد داشتن	A2 :: سلامتی و پزشک
la fièvre	لا فی‌یِوْر — تب	A2 :: سلامتی و پزشک
le rhume	لُ روم — سرماخوردگی	A2 :: سلامتی و پزشک
la grippe	لا گْریپ — آنفلوانزا	A2 :: سلامتی و پزشک
la toux	لا تو — سرفه	A2 :: سلامتی و پزشک
tousser	توسه — سرفه کردن	A2 :: سلامتی و پزشک
éternuer	اِتِرنوئه — عطسه کردن	A2 :: سلامتی و پزشک
la blessure	لا بْلِسور — زخم	A2 :: سلامتی و پزشک
se blesser	سُ بْلِسه — زخمی شدن	A2 :: سلامتی و پزشک
la fatigue	لا فاتیگ — خستگی	A2 :: سلامتی و پزشک
le stress	لُ ستْرِس — استرس	A2 :: سلامتی و پزشک
le régime	لُ رِژیم — رژیم غذایی	A2 :: سلامتی و پزشک
l'hôpital	لُپیتال — بیمارستان	A2 :: سلامتی و پزشک
les urgences	لِ زورژانس — اورژانس	A2 :: سلامتی و پزشک
l'ambulance	لانبولانس — آمبولانس	A2 :: سلامتی و پزشک
guérir	گِریر — بهبود یافتن	A2 :: سلامتی و پزشک
se soigner	سُ سوآنیه — خود را درمان کردن	A2 :: سلامتی و پزشک
en bonne santé	آن بُن سانته — تندرست	A2 :: سلامتی و پزشک
l'analyse de sang	لانالیز دُ سان — آزمایش خون	A2 :: سلامتی و پزشک
la sécurité sociale	لا سِکوریته سُسیال — تأمین اجتماعی	A2 :: سلامتی و پزشک
le sentiment	لُ سانتیمان — احساس	A2 :: احساس‌ها و حالت‌ها
l'émotion	لِمُسیُن — هیجان	A2 :: احساس‌ها و حالت‌ها
l'humeur	لومُر — حال و هوا	A2 :: احساس‌ها و حالت‌ها
la joie	لا ژوآ — شادی	A2 :: احساس‌ها و حالت‌ها
heureux	اُرُ — خوشبخت	A2 :: احساس‌ها و حالت‌ها
malheureux	مالُرُ — بدبخت	A2 :: احساس‌ها و حالت‌ها
content	کُنتان — راضی	A2 :: احساس‌ها و حالت‌ها
triste	تْریست — غمگین	A2 :: احساس‌ها و حالت‌ها
la tristesse	لا تْریستِس — اندوه	A2 :: احساس‌ها و حالت‌ها
la peur	لا پُر — ترس	A2 :: احساس‌ها و حالت‌ها
avoir peur	آووآر پُر — ترسیدن	A2 :: احساس‌ها و حالت‌ها
la colère	لا کُلِر — خشم	A2 :: احساس‌ها و حالت‌ها
en colère	آن کُلِر — عصبانی	A2 :: احساس‌ها و حالت‌ها
énervé	اِنِروه — کلافه	A2 :: احساس‌ها و حالت‌ها
calme	کالم — آرام	A2 :: احساس‌ها و حالت‌ها
inquiet	اَنکیه — نگران	A2 :: احساس‌ها و حالت‌ها
l'inquiétude	لَنکیِتود — نگرانی	A2 :: احساس‌ها و حالت‌ها
surpris	سورپْری — شگفت‌زده	A2 :: احساس‌ها و حالت‌ها
la surprise	لا سورپْریز — غافلگیری	A2 :: احساس‌ها و حالت‌ها
déçu	دِسو — ناامید	A2 :: احساس‌ها و حالت‌ها
fier	فی‌یِر — سربلند	A2 :: احساس‌ها و حالت‌ها
jaloux	ژالو — حسود	A2 :: احساس‌ها و حالت‌ها
amoureux	آمورُ — عاشق	A2 :: احساس‌ها و حالت‌ها
l'amour	لامور — عشق	A2 :: احساس‌ها و حالت‌ها
la honte	لا اُنت — شرم	A2 :: احساس‌ها و حالت‌ها
timide	تیمید — خجالتی	A2 :: احساس‌ها و حالت‌ها
nerveux	نِرْوُ — مضطرب	A2 :: احساس‌ها و حالت‌ها
détendu	دِتاندو — آسوده	A2 :: احساس‌ها و حالت‌ها
s'ennuyer	سانویه — حوصله سر رفتن	A2 :: احساس‌ها و حالت‌ها
rire	ریر — خندیدن	A2 :: احساس‌ها و حالت‌ها
pleurer	پْلُره — گریه کردن	A2 :: احساس‌ها و حالت‌ها
sourire	سوریر — لبخند زدن	A2 :: احساس‌ها و حالت‌ها
espérer	اِسپِره — امیدوار بودن	A2 :: احساس‌ها و حالت‌ها
le caractère	لُ کاراکتِر — شخصیت	A2 :: توصیف افراد
gentil	ژانتی — مهربان	A2 :: توصیف افراد
méchant	مِشان — بدجنس	A2 :: توصیف افراد
sympathique	سَنپاتیک — خوش‌برخورد	A2 :: توصیف افراد
agréable	آگْرِیابْل — دلپذیر	A2 :: توصیف افراد
désagréable	دِزاگْرِیابْل — ناخوشایند	A2 :: توصیف افراد
intelligent	اَنتِلیژان — باهوش	A2 :: توصیف افراد
bête	بِت — کودن	A2 :: توصیف افراد
drôle	دْرُل — بامزه	A2 :: توصیف افراد
sérieux	سِریُ — جدی	A2 :: توصیف افراد
honnête	اُنِت — درستکار	A2 :: توصیف افراد
poli	پُلی — مؤدب	A2 :: توصیف افراد
impoli	اَنپُلی — بی‌ادب	A2 :: توصیف افراد
généreux	ژِنِرُ — بخشنده	A2 :: توصیف افراد
égoïste	اِگُئیست — خودخواه	A2 :: توصیف افراد
patient	پاسیان — صبور	A2 :: توصیف افراد
paresseux	پارِسُ — تنبل	A2 :: توصیف افراد
travailleur	تْراوایُر — پرکار	A2 :: توصیف افراد
courageux	کوراژُ — شجاع	A2 :: توصیف افراد
bavard	باوار — پرحرف	A2 :: توصیف افراد
curieux	کوریُ — کنجکاو	A2 :: توصیف افراد
sportif	سپُرتیف — ورزشکار	A2 :: توصیف افراد
mince	مَنس — لاغر	A2 :: توصیف افراد
gros	گْرُ — چاق	A2 :: توصیف افراد
de taille moyenne	دُ تای موآیِن — قد متوسط	A2 :: توصیف افراد
les cheveux blonds	لِ شُوُ بْلُن — موی بور	A2 :: توصیف افراد
les cheveux bruns	لِ شُوُ بْرَن — موی قهوه‌ای	A2 :: توصیف افراد
les cheveux raides	لِ شُوُ رِد — موی صاف	A2 :: توصیف افراد
les cheveux frisés	لِ شُوُ فْریزه — موی فرفری	A2 :: توصیف افراد
la barbe	لا بارب — ریش	A2 :: توصیف افراد
les lunettes	لِ لونِت — عینک	A2 :: توصیف افراد
ressembler à	رُسامبْله آ — شبیه بودن به	A2 :: توصیف افراد
la banque	لا بانک — بانک	A2 :: بانک، پست و اداره
le compte bancaire	لُ کُنت بانکِر — حساب بانکی	A2 :: بانک، پست و اداره
le guichet	لُ گیشه — باجه	A2 :: بانک، پست و اداره
le distributeur	لُ دیستْریبوتُر — خودپرداز	A2 :: بانک، پست و اداره
le virement	لُ ویرْمان — انتقال وجه	A2 :: بانک، پست و اداره
le retrait	لُ رُتْرِ — برداشت	A2 :: بانک، پست و اداره
le dépôt	لُ دِپُ — واریز	A2 :: بانک، پست و اداره
l'emprunt	لانپْرَن — وام	A2 :: بانک، پست و اداره
les intérêts	لِ زَنتِرِ — بهره	A2 :: بانک، پست و اداره
le code secret	لُ کُد سُکْرِ — رمز	A2 :: بانک، پست و اداره
la signature	لا سینیاتور — امضا	A2 :: بانک، پست و اداره
signer	سینیه — امضا کردن	A2 :: بانک، پست و اداره
le formulaire	لُ فُرمولِر — فرم	A2 :: بانک، پست و اداره
remplir	رانپْلیر — پر کردن (فرم)	A2 :: بانک، پست و اداره
le document	لُ دُکومان — سند	A2 :: بانک، پست و اداره
le justificatif	لُ ژوستیفیکاتیف — مدرک اثبات	A2 :: بانک، پست و اداره
le dossier	لُ دُسیه — پرونده	A2 :: بانک، پست و اداره
la demande	لا دُماند — درخواست	A2 :: بانک، پست و اداره
l'attestation	لاتِستاسیُن — گواهی	A2 :: بانک، پست و اداره
la facture	لا فاکتور — فاکتور	A2 :: بانک، پست و اداره
la poste	لا پُست — ادارهٔ پست	A2 :: بانک، پست و اداره
le colis	لُ کُلی — بسته پستی	A2 :: بانک، پست و اداره
la lettre	لا لِتْر — نامه	A2 :: بانک، پست و اداره
le timbre	لُ تَمبْر — تمبر	A2 :: بانک، پست و اداره
l'enveloppe	لانوُلُپ — پاکت	A2 :: بانک، پست و اداره
envoyer	آنووآیه — فرستادن	A2 :: بانک، پست و اداره
recevoir	رُسُووآر — دریافت کردن	A2 :: بانک، پست و اداره
la mairie	لا مِری — شهرداری	A2 :: بانک، پست و اداره
le rendez-vous	لُ رانده وو — وقت ملاقات	A2 :: بانک، پست و اداره
la file d'attente	لا فیل داتانت — صف	A2 :: بانک، پست و اداره
le fonctionnaire	لُ فُنکسیُنِر — کارمند دولت	A2 :: بانک، پست و اداره
le sport	لُ سپُر — ورزش	A2 :: ورزش و اوقات فراغت
le loisir	لُ لْوازیر — سرگرمی	A2 :: ورزش و اوقات فراغت
le football	لُ فوتبُل — فوتبال	A2 :: ورزش و اوقات فراغت
le basket	لُ باسکِت — بسکتبال	A2 :: ورزش و اوقات فراغت
le tennis	لُ تِنیس — تنیس	A2 :: ورزش و اوقات فراغت
la natation	لا ناتاسیُن — شنا	A2 :: ورزش و اوقات فراغت
nager	ناژه — شنا کردن	A2 :: ورزش و اوقات فراغت
le vélo	لُ ولُ — دوچرخه‌سواری	A2 :: ورزش و اوقات فراغت
la course à pied	لا کورس آ پیه — دویدن	A2 :: ورزش و اوقات فراغت
la randonnée	لا راندُنه — کوه‌پیمایی	A2 :: ورزش و اوقات فراغت
le ski	لُ سکی — اسکی	A2 :: ورزش و اوقات فراغت
la danse	لا دانس — رقص	A2 :: ورزش و اوقات فراغت
danser	دانسه — رقصیدن	A2 :: ورزش و اوقات فراغت
le match	لُ مچ — مسابقه	A2 :: ورزش و اوقات فراغت
l'équipe	لِکیپ — تیم	A2 :: ورزش و اوقات فراغت
le joueur	لُ ژوئُر — بازیکن	A2 :: ورزش و اوقات فراغت
l'entraîneur	لانتْرِنُر — مربی	A2 :: ورزش و اوقات فراغت
l'entraînement	لانتْرِنْمان — تمرین	A2 :: ورزش و اوقات فراغت
le stade	لُ ستاد — ورزشگاه	A2 :: ورزش و اوقات فراغت
la salle de sport	لا سال دُ سپُر — باشگاه	A2 :: ورزش و اوقات فراغت
gagner	گانیه — بردن	A2 :: ورزش و اوقات فراغت
perdre	پِردْر — باختن	A2 :: ورزش و اوقات فراغت
le score	لُ سکُر — نتیجه	A2 :: ورزش و اوقات فراغت
le championnat	لُ شانپیُنا — قهرمانی	A2 :: ورزش و اوقات فراغت
la musique	لا موزیک — موسیقی	A2 :: ورزش و اوقات فراغت
la guitare	لا گیتار — گیتار	A2 :: ورزش و اوقات فراغت
le piano	لُ پیانُ — پیانو	A2 :: ورزش و اوقات فراغت
chanter	شانته — آواز خواندن	A2 :: ورزش و اوقات فراغت
la lecture	لا لِکتور — کتاب‌خوانی	A2 :: ورزش و اوقات فراغت
le jeu vidéo	لُ ژُ ویدِئُ — بازی رایانه‌ای	A2 :: ورزش و اوقات فراغت
la promenade	لا پْرُمُناد — گردش	A2 :: ورزش و اوقات فراغت
se promener	سُ پْرُمُنه — قدم زدن	A2 :: ورزش و اوقات فراغت
le passe-temps	لُ پاس تان — سرگرمی	A2 :: ورزش و اوقات فراغت
le bricolage	لُ بْریکُلاژ — کاردستی و تعمیر	A2 :: ورزش و اوقات فراغت
le jardinage	لُ ژاردیناژ — باغبانی	A2 :: ورزش و اوقات فراغت
le téléphone portable	لُ تِلِفُن پُرتابْل — تلفن همراه	A2 :: فناوری و ارتباطات
l'ordinateur portable	لُردیناتُر پُرتابْل — لپ‌تاپ	A2 :: فناوری و ارتباطات
la tablette	لا تابْلِت — تبلت	A2 :: فناوری و ارتباطات
l'écran	لِکْران — صفحه‌نمایش	A2 :: فناوری و ارتباطات
le clavier	لُ کْلاویه — صفحه‌کلید	A2 :: فناوری و ارتباطات
la souris	لا سوری — ماوس	A2 :: فناوری و ارتباطات
l'imprimante	لَنپْریمانت — چاپگر	A2 :: فناوری و ارتباطات
le chargeur	لُ شارژُر — شارژر	A2 :: فناوری و ارتباطات
la batterie	لا باتْری — باتری	A2 :: فناوری و ارتباطات
le mot de passe	لُ مُ دُ پاس — گذرواژه	A2 :: فناوری و ارتباطات
le site web	لُ سیت وِب — وب‌سایت	A2 :: فناوری و ارتباطات
le réseau social	لُ رِزُ سُسیال — شبکهٔ اجتماعی	A2 :: فناوری و ارتباطات
le courriel	لُ کوریِل — رایانامه	A2 :: فناوری و ارتباطات
le message	لُ مِساژ — پیام	A2 :: فناوری و ارتباطات
envoyer un message	آنووآیه اَن مِساژ — پیام فرستادن	A2 :: فناوری و ارتباطات
appeler	آپُله — زنگ زدن	A2 :: فناوری و ارتباطات
raccrocher	راکْرُشه — تلفن را قطع کردن	A2 :: فناوری و ارتباطات
répondre	رِپُندْر — پاسخ دادن	A2 :: فناوری و ارتباطات
télécharger	تِلِشارژه — دانلود کردن	A2 :: فناوری و ارتباطات
enregistrer	آنرُژیستْره — ذخیره کردن	A2 :: فناوری و ارتباطات
supprimer	سوپْریمه — پاک کردن	A2 :: فناوری و ارتباطات
imprimer	اَنپْریمه — چاپ کردن	A2 :: فناوری و ارتباطات
se connecter	سُ کُنِکته — وصل شدن	A2 :: فناوری و ارتباطات
le fichier	لُ فیشیه — فایل	A2 :: فناوری و ارتباطات
l'application	لاپْلیکاسیُن — اپلیکیشن	A2 :: فناوری و ارتباطات
le lien	لُ لی‌یَن — پیوند	A2 :: فناوری و ارتباطات
la panne	لا پان — خرابی	A2 :: فناوری و ارتباطات
réparer	رِپاره — تعمیر کردن	A2 :: فناوری و ارتباطات
la chaîne	لا شِن — شبکهٔ تلویزیونی	A2 :: فناوری و ارتباطات
les informations	لِ زَنفُرماسیُن — اخبار	A2 :: فناوری و ارتباطات
la publicité	لا پوبْلیسیته — تبلیغات	A2 :: فناوری و ارتباطات
le journal	لُ ژورنال — روزنامه	A2 :: فناوری و ارتباطات
le ménage	لُ مِناژ — خانه‌تکانی	A2 :: کارهای خانه
faire le ménage	فِر لُ مِناژ — نظافت کردن	A2 :: کارهای خانه
nettoyer	نِتوآیه — تمیز کردن	A2 :: کارهای خانه
ranger	رانژه — مرتب کردن	A2 :: کارهای خانه
balayer	بالِیه — جارو کردن	A2 :: کارهای خانه
passer l'aspirateur	پاسه لاسپیراتُر — جاروبرقی کشیدن	A2 :: کارهای خانه
laver	لاوه — شستن	A2 :: کارهای خانه
faire la vaisselle	فِر لا وِسِل — ظرف شستن	A2 :: کارهای خانه
essuyer	اِسویه — خشک کردن	A2 :: کارهای خانه
repasser	رُپاسه — اتو کردن	A2 :: کارهای خانه
plier le linge	پْلیه لُ لَنژ — لباس تا کردن	A2 :: کارهای خانه
étendre le linge	اِتاندْر لُ لَنژ — لباس پهن کردن	A2 :: کارهای خانه
faire le lit	فِر لُ لی — تختخواب را مرتب کردن	A2 :: کارهای خانه
sortir la poubelle	سُرتیر لا پوبِل — زباله بیرون بردن	A2 :: کارهای خانه
faire la cuisine	فِر لا کویزین — آشپزی کردن	A2 :: کارهای خانه
préparer le repas	پْرِپاره لُ رُپا — غذا آماده کردن	A2 :: کارهای خانه
couper	کوپه — بریدن	A2 :: کارهای خانه
mélanger	مِلانژه — مخلوط کردن	A2 :: کارهای خانه
verser	وِرسه — ریختن	A2 :: کارهای خانه
cuire	کویر — پختن	A2 :: کارهای خانه
bouillir	بویّیر — جوشیدن	A2 :: کارهای خانه
frire	فْریر — سرخ کردن	A2 :: کارهای خانه
le tablier	لُ تابْلیه — پیش‌بند	A2 :: کارهای خانه
l'éponge	لِپُنژ — اسفنج	A2 :: کارهای خانه
le balai	لُ بالِ — جارو	A2 :: کارهای خانه
la lessive	لا لِسیو — پودر لباسشویی	A2 :: کارهای خانه
le produit ménager	لُ پْرُدویی مِناژه — مواد شوینده	A2 :: کارهای خانه
arroser les plantes	آرُزه لِ پْلانت — آب دادن به گیاهان	A2 :: کارهای خانه
bricoler	بْریکُله — تعمیرات جزئی کردن	A2 :: کارهای خانه
désordre	دِزُردْر — بی‌نظمی	A2 :: کارهای خانه
le chemin	لُ شُمَن — مسیر	A2 :: مسیریابی و جهت‌ها
la direction	لا دیرِکسیُن — جهت	A2 :: مسیریابی و جهت‌ها
à droite	آ دْروآت — به راست	A2 :: مسیریابی و جهت‌ها
à gauche	آ گُش — به چپ	A2 :: مسیریابی و جهت‌ها
tout droit	تو دْروآ — مستقیم	A2 :: مسیریابی و جهت‌ها
tourner	تورنه — پیچیدن	A2 :: مسیریابی و جهت‌ها
traverser	تْراوِرسه — عبور کردن	A2 :: مسیریابی و جهت‌ها
continuer	کُنتینوئه — ادامه دادن	A2 :: مسیریابی و جهت‌ها
le carrefour	لُ کارْفور — چهارراه	A2 :: مسیریابی و جهت‌ها
le rond-point	لُ رُن پوَن — میدان چرخشی	A2 :: مسیریابی و جهت‌ها
le trottoir	لُ تْرُتوآر — پیاده‌رو	A2 :: مسیریابی و جهت‌ها
le passage piéton	لُ پاساژ پیِتُن — خط عابر پیاده	A2 :: مسیریابی و جهت‌ها
le panneau	لُ پانُ — تابلو	A2 :: مسیریابی و جهت‌ها
le coin	لُ کوَن — گوشه	A2 :: مسیریابی و جهت‌ها
l'angle	لانگْل — نبش	A2 :: مسیریابی و جهت‌ها
en face de	آن فاس دُ — روبه‌روی	A2 :: مسیریابی و جهت‌ها
au bout de	اُ بو دُ — در انتهای	A2 :: مسیریابی و جهت‌ها
jusqu'à	ژوسکا — تا	A2 :: مسیریابی و جهت‌ها
le nord	لُ نُر — شمال	A2 :: مسیریابی و جهت‌ها
le sud	لُ سود — جنوب	A2 :: مسیریابی و جهت‌ها
l'est	لِست — شرق	A2 :: مسیریابی و جهت‌ها
l'ouest	لْوِست — غرب	A2 :: مسیریابی و جهت‌ها
le premier étage	لُ پْرُمیه اِتاژ — طبقهٔ اول	A2 :: مسیریابی و جهت‌ها
le rez-de-chaussée	لُ رِ دُ شُسه — همکف	A2 :: مسیریابی و جهت‌ها
la sortie	لا سُرتی — خروجی	A2 :: مسیریابی و جهت‌ها
l'entrée	لانتْره — ورودی	A2 :: مسیریابی و جهت‌ها
le plan	لُ پْلان — نقشه	A2 :: مسیریابی و جهت‌ها
se perdre	سُ پِردْر — گم شدن	A2 :: مسیریابی و جهت‌ها
suivre	سویوْر — دنبال کردن	A2 :: مسیریابی و جهت‌ها
indiquer	اَندیکه — نشان دادن	A2 :: مسیریابی و جهت‌ها
le moment	لُ مُمان — لحظه	A2 :: زمان و بسامد
le siècle	لُ سیِکْل — سده	A2 :: زمان و بسامد
la date	لا دات — تاریخ	A2 :: زمان و بسامد
le calendrier	لُ کالاندْریه — تقویم	A2 :: زمان و بسامد
avant	آوان — پیش از	A2 :: زمان و بسامد
après	آپْرِ — پس از	A2 :: زمان و بسامد
pendant	پاندان — در طول	A2 :: زمان و بسامد
depuis	دُپویی — از ... تاکنون	A2 :: زمان و بسامد
il y a	ایلیا — ... پیش	A2 :: زمان و بسامد
bientôt	بی‌یَن‌تُ — به‌زودی	A2 :: زمان و بسامد
récemment	رِسامان — به‌تازگی	A2 :: زمان و بسامد
autrefois	اُتْرُفوآ — در گذشته	A2 :: زمان و بسامد
la veille	لا وِی — روز پیش	A2 :: زمان و بسامد
le lendemain	لُ لاندْمَن — روز بعد	A2 :: زمان و بسامد
avant-hier	آوان ت‌ی‌یِر — پریروز	A2 :: زمان و بسامد
après-demain	آپْرِ دُمَن — پس‌فردا	A2 :: زمان و بسامد
chaque jour	شاک ژور — هر روز	A2 :: زمان و بسامد
une fois	اون فوآ — یک بار	A2 :: زمان و بسامد
deux fois par semaine	دُ فوآ پار سُمِن — هفته‌ای دو بار	A2 :: زمان و بسامد
rarement	رارْمان — به‌ندرت	A2 :: زمان و بسامد
de temps en temps	دُ تان‌زان تان — گاه‌به‌گاه	A2 :: زمان و بسامد
tout de suite	تو دُ سویت — فوراً	A2 :: زمان و بسامد
d'abord	دابُر — ابتدا	A2 :: زمان و بسامد
longtemps	لُن‌تان — مدت طولانی	A2 :: زمان و بسامد
tôt ou tard	تُ او تار — دیر یا زود	A2 :: زمان و بسامد
en même temps	آن مِم تان — هم‌زمان	A2 :: زمان و بسامد
à partir de	آ پارتیر دُ — از ... به بعد	A2 :: زمان و بسامد
jusqu'à maintenant	ژوسکا مَنتُنان — تا الان	A2 :: زمان و بسامد
dès que	دِ کُ — به‌محض اینکه	A2 :: زمان و بسامد
en avance	آن ناوانس — زودتر از موعد	A2 :: زمان و بسامد
apporter	آپُرته — آوردن	A2 :: فعل‌های پرکاربرد
emporter	آنپُرته — با خود بردن	A2 :: فعل‌های پرکاربرد
montrer	مُنتْره — نشان دادن	A2 :: فعل‌های پرکاربرد
cacher	کاشه — پنهان کردن	A2 :: فعل‌های پرکاربرد
perdre	پِردْر — گم کردن	A2 :: فعل‌های پرکاربرد
retrouver	رُتْروووه — دوباره یافتن	A2 :: فعل‌های پرکاربرد
oublier	اوبْلیه — فراموش کردن	A2 :: فعل‌های پرکاربرد
se souvenir	سُ سووُنیر — به یاد آوردن	A2 :: فعل‌های پرکاربرد
décider	دِسیده — تصمیم گرفتن	A2 :: فعل‌های پرکاربرد
essayer	اِسِیه — تلاش کردن	A2 :: فعل‌های پرکاربرد
réussir	رِئوسیر — موفق شدن	A2 :: فعل‌های پرکاربرد
échouer	اِشوئه — شکست خوردن	A2 :: فعل‌های پرکاربرد
changer	شانژه — تغییر دادن	A2 :: فعل‌های پرکاربرد
continuer	کُنتینوئه — ادامه دادن	A2 :: فعل‌های پرکاربرد
arrêter	آرِته — متوقف کردن	A2 :: فعل‌های پرکاربرد
aider	اِده — کمک کردن	A2 :: فعل‌های پرکاربرد
remercier	رُمِرسیه — تشکر کردن	A2 :: فعل‌های پرکاربرد
inviter	اَنویته — دعوت کردن	A2 :: فعل‌های پرکاربرد
accepter	آکسِپته — پذیرفتن	A2 :: فعل‌های پرکاربرد
refuser	رُفوزه — رد کردن	A2 :: فعل‌های پرکاربرد
demander	دُمانده — درخواست کردن	A2 :: فعل‌های پرکاربرد
répondre	رِپُندْر — پاسخ دادن	A2 :: فعل‌های پرکاربرد
expliquer	اِکسپْلیکه — توضیح دادن	A2 :: فعل‌های پرکاربرد
raconter	راکُنته — تعریف کردن	A2 :: فعل‌های پرکاربرد
proposer	پْرُپُزه — پیشنهاد دادن	A2 :: فعل‌های پرکاربرد
préférer	پْرِفِره — ترجیح دادن	A2 :: فعل‌های پرکاربرد
détester	دِتِسته — بیزار بودن	A2 :: فعل‌های پرکاربرد
rencontrer	رانکُنتْره — ملاقات کردن	A2 :: فعل‌های پرکاربرد
visiter	ویزیته — بازدید کردن	A2 :: فعل‌های پرکاربرد
marcher	مارشه — کار کردن (دستگاه)	A2 :: فعل‌های پرکاربرد
utiliser	اوتیلیزه — استفاده کردن	A2 :: فعل‌های پرکاربرد
porter	پُرته — حمل کردن	A2 :: فعل‌های پرکاربرد
tomber	تُمبه — افتادن	A2 :: فعل‌های پرکاربرد
monter	مُنته — بالا رفتن	A2 :: فعل‌های پرکاربرد
descendre	دِساندْر — پایین آمدن	A2 :: فعل‌های پرکاربرد
entrer	آنتْره — وارد شدن	A2 :: فعل‌های پرکاربرد
agréable	آگْرِیابْل — خوشایند	A2 :: صفت‌ها و قیدهای بیشتر
bruyant	بْروییان — پرسروصدا	A2 :: صفت‌ها و قیدهای بیشتر
silencieux	سیلانسیُ — ساکت	A2 :: صفت‌ها و قیدهای بیشتر
calme	کالم — آرام	A2 :: صفت‌ها و قیدهای بیشتر
dangereux	دانژْرُ — خطرناک	A2 :: صفت‌ها و قیدهای بیشتر
sûr	سور — امن / مطمئن	A2 :: صفت‌ها و قیدهای بیشتر
utile	اوتیل — سودمند	A2 :: صفت‌ها و قیدهای بیشتر
inutile	اینوتیل — بیهوده	A2 :: صفت‌ها و قیدهای بیشتر
nécessaire	نِسِسِر — لازم	A2 :: صفت‌ها و قیدهای بیشتر
intéressant	اَنتِرِسان — جالب	A2 :: صفت‌ها و قیدهای بیشتر
ennuyeux	آنویُ — کسل‌کننده	A2 :: صفت‌ها و قیدهای بیشتر
étrange	اِتْرانژ — عجیب	A2 :: صفت‌ها و قیدهای بیشتر
normal	نُرمال — عادی	A2 :: صفت‌ها و قیدهای بیشتر
célèbre	سِلِبْر — مشهور	A2 :: صفت‌ها و قیدهای بیشتر
inconnu	اَنکُنو — ناشناخته	A2 :: صفت‌ها و قیدهای بیشتر
moderne	مُدِرن — امروزی	A2 :: صفت‌ها و قیدهای بیشتر
ancien	آنسی‌یَن — قدیمی	A2 :: صفت‌ها و قیدهای بیشتر
naturel	ناتورِل — طبیعی	A2 :: صفت‌ها و قیدهای بیشتر
frais	فْرِ — تازه	A2 :: صفت‌ها و قیدهای بیشتر
mûr	مور — رسیده	A2 :: صفت‌ها و قیدهای بیشتر
doux	دو — ملایم / شیرین	A2 :: صفت‌ها و قیدهای بیشتر
dur	دور — سخت	A2 :: صفت‌ها و قیدهای بیشتر
mou	مو — نرم	A2 :: صفت‌ها و قیدهای بیشتر
sec	سِک — خشک	A2 :: صفت‌ها و قیدهای بیشتر
humide	اومید — مرطوب	A2 :: صفت‌ها و قیدهای بیشتر
profond	پْرُفُن — عمیق	A2 :: صفت‌ها و قیدهای بیشتر
vraiment	وْرِمان — واقعاً	A2 :: صفت‌ها و قیدهای بیشتر
presque	پْرِسک — تقریباً	A2 :: صفت‌ها و قیدهای بیشتر
surtout	سورتو — به‌ویژه	A2 :: صفت‌ها و قیدهای بیشتر
plutôt	پْلوتُ — نسبتاً / ترجیحاً	A2 :: صفت‌ها و قیدهای بیشتر
environ	آنویرُن — حدوداً	A2 :: صفت‌ها و قیدهای بیشتر
ensemble	آنسامبْل — با هم	A2 :: صفت‌ها و قیدهای بیشتر
seul	سُل — تنها	A2 :: صفت‌ها و قیدهای بیشتر
partout	پارتو — همه‌جا	A2 :: صفت‌ها و قیدهای بیشتر
nulle part	نول پار — هیچ‌جا	A2 :: صفت‌ها و قیدهای بیشتر
ailleurs	آیُر — جای دیگر	A2 :: صفت‌ها و قیدهای بیشتر
la France	لا فْرانس — فرانسه	A2 :: کشورها و ملیت‌ها
français	فْرانسه — فرانسوی	A2 :: کشورها و ملیت‌ها
l'Iran	لیران — ایران	A2 :: کشورها و ملیت‌ها
iranien	ایرانی‌یَن — ایرانی	A2 :: کشورها و ملیت‌ها
l'Allemagne	لالْمانی — آلمان	A2 :: کشورها و ملیت‌ها
allemand	آلْمان — آلمانی	A2 :: کشورها و ملیت‌ها
l'Angleterre	لانگْلُتِر — انگلستان	A2 :: کشورها و ملیت‌ها
anglais	آنگْلِ — انگلیسی	A2 :: کشورها و ملیت‌ها
l'Espagne	لِسپانی — اسپانیا	A2 :: کشورها و ملیت‌ها
espagnol	اِسپانیُل — اسپانیایی	A2 :: کشورها و ملیت‌ها
l'Italie	لیتالی — ایتالیا	A2 :: کشورها و ملیت‌ها
italien	ایتالی‌یَن — ایتالیایی	A2 :: کشورها و ملیت‌ها
la Belgique	لا بِلژیک — بلژیک	A2 :: کشورها و ملیت‌ها
la Suisse	لا سویس — سوئیس	A2 :: کشورها و ملیت‌ها
le Canada	لُ کانادا — کانادا	A2 :: کشورها و ملیت‌ها
les États-Unis	لِ زِتا زونی — ایالات متحده	A2 :: کشورها و ملیت‌ها
la Chine	لا شین — چین	A2 :: کشورها و ملیت‌ها
le Japon	لُ ژاپُن — ژاپن	A2 :: کشورها و ملیت‌ها
la Turquie	لا تورکی — ترکیه	A2 :: کشورها و ملیت‌ها
la Russie	لا روسی — روسیه	A2 :: کشورها و ملیت‌ها
le Maroc	لُ مارُک — مراکش	A2 :: کشورها و ملیت‌ها
l'Algérie	لالژِری — الجزایر	A2 :: کشورها و ملیت‌ها
l'Afrique	لافْریک — آفریقا	A2 :: کشورها و ملیت‌ها
l'Europe	لُرُپ — اروپا	A2 :: کشورها و ملیت‌ها
l'Asie	لازی — آسیا	A2 :: کشورها و ملیت‌ها
le pays	لُ پِیی — کشور	A2 :: کشورها و ملیت‌ها
la capitale	لا کاپیتال — پایتخت	A2 :: کشورها و ملیت‌ها
l'étranger	لِتْرانژه — خارجی / خارج	A2 :: کشورها و ملیت‌ها
la région	لا رِژیُن — منطقه / استان	A2 :: کشورها و ملیت‌ها
le drapeau	لُ دْراپُ — پرچم	A2 :: کشورها و ملیت‌ها
la culture	لا کولتور — فرهنگ	A2 :: کشورها و ملیت‌ها
la langue maternelle	لا لانگ ماتِرنِل — زبان مادری	A2 :: کشورها و ملیت‌ها
l'argent	لارژان — پول	A2 :: پول و اندازه
l'euro	لُرُ — یورو	A2 :: پول و اندازه
le centime	لُ سانتیم — سنت	A2 :: پول و اندازه
le salaire	لُ سالِر — حقوق	A2 :: پول و اندازه
le budget	لُ بودژه — بودجه	A2 :: پول و اندازه
les frais	لِ فْرِ — هزینه‌ها	A2 :: پول و اندازه
la dépense	لا دِپانس — خرج	A2 :: پول و اندازه
l'économie	لِکُنُمی — پس‌انداز / اقتصاد	A2 :: پول و اندازه
la dette	لا دِت — بدهی	A2 :: پول و اندازه
emprunter	آنپْرَنته — قرض گرفتن	A2 :: پول و اندازه
prêter	پْرِته — قرض دادن	A2 :: پول و اندازه
rembourser	رانبورسه — بازپرداخت کردن	A2 :: پول و اندازه
le coût de la vie	لُ کو دُ لا وی — هزینهٔ زندگی	A2 :: پول و اندازه
payant	پِیان — پولی	A2 :: پول و اندازه
le mètre	لُ مِتْر — متر	A2 :: پول و اندازه
le centimètre	لُ سانتیمِتْر — سانتی‌متر	A2 :: پول و اندازه
le kilomètre	لُ کیلُمِتْر — کیلومتر	A2 :: پول و اندازه
le gramme	لُ گْرام — گرم	A2 :: پول و اندازه
la tonne	لا تُن — تن	A2 :: پول و اندازه
le poids	لُ پوآ — وزن	A2 :: پول و اندازه
la hauteur	لا اُتُر — ارتفاع	A2 :: پول و اندازه
la largeur	لا لارژُر — پهنا	A2 :: پول و اندازه
la longueur	لا لُنگُر — درازا	A2 :: پول و اندازه
la vitesse	لا ویتِس — سرعت	A2 :: پول و اندازه
le degré	لُ دُگْره — درجه	A2 :: پول و اندازه
la température	لا تانپِراتور — دما	A2 :: پول و اندازه
le pourcentage	لُ پورسانتاژ — درصد	A2 :: پول و اندازه
la douzaine	لا دوزِن — دوجین	A2 :: پول و اندازه
le tiers	لُ تی‌یِر — یک‌سوم	A2 :: پول و اندازه
le quart	لُ کار — یک‌چهارم	A2 :: پول و اندازه
compter	کُنته — شمردن	A2 :: پول و اندازه
mesurer	مُزوره — اندازه گرفتن	A2 :: پول و اندازه
peser	پُزه — وزن کردن	A2 :: پول و اندازه
la fête	لا فِت — جشن	A2 :: جشن‌ها و مناسبت‌ها
l'anniversaire	لانیوِرسِر — تولد / سالگرد	A2 :: جشن‌ها و مناسبت‌ها
le cadeau	لُ کادُ — هدیه	A2 :: جشن‌ها و مناسبت‌ها
offrir	اُفْریر — هدیه دادن	A2 :: جشن‌ها و مناسبت‌ها
la carte de vœux	لا کارت دُ وُ — کارت تبریک	A2 :: جشن‌ها و مناسبت‌ها
le mariage	لُ ماریاژ — ازدواج / عروسی	A2 :: جشن‌ها و مناسبت‌ها
se marier	سُ ماریه — ازدواج کردن	A2 :: جشن‌ها و مناسبت‌ها
le divorce	لُ دیوُرس — طلاق	A2 :: جشن‌ها و مناسبت‌ها
la naissance	لا نِسانس — تولد	A2 :: جشن‌ها و مناسبت‌ها
l'enterrement	لانتِرْمان — خاکسپاری	A2 :: جشن‌ها و مناسبت‌ها
Noël	نُئِل — کریسمس	A2 :: جشن‌ها و مناسبت‌ها
le Nouvel An	لُ نوووِل آن — سال نو	A2 :: جشن‌ها و مناسبت‌ها
Pâques	پاک — عید پاک	A2 :: جشن‌ها و مناسبت‌ها
le Ramadan	لُ رامادان — ماه رمضان	A2 :: جشن‌ها و مناسبت‌ها
Norouz	نُروز — نوروز	A2 :: جشن‌ها و مناسبت‌ها
la fête nationale	لا فِت ناسیُنال — جشن ملی	A2 :: جشن‌ها و مناسبت‌ها
le feu d'artifice	لُ فُ دارتیفیس — آتش‌بازی	A2 :: جشن‌ها و مناسبت‌ها
le défilé	لُ دِفیله — رژه	A2 :: جشن‌ها و مناسبت‌ها
la cérémonie	لا سِرِمُنی — مراسم	A2 :: جشن‌ها و مناسبت‌ها
l'invitation	لَنویتاسیُن — دعوت	A2 :: جشن‌ها و مناسبت‌ها
l'invité	لَنویته — مهمان	A2 :: جشن‌ها و مناسبت‌ها
fêter	فِته — جشن گرفتن	A2 :: جشن‌ها و مناسبت‌ها
célébrer	سِلِبْره — بزرگ داشتن	A2 :: جشن‌ها و مناسبت‌ها
le gâteau d'anniversaire	لُ گاتُ دانیوِرسِر — کیک تولد	A2 :: جشن‌ها و مناسبت‌ها
la bougie	لا بوژی — شمع	A2 :: جشن‌ها و مناسبت‌ها
le champagne	لُ شانپانی — شامپاین	A2 :: جشن‌ها و مناسبت‌ها
trinquer	تْرَنکه — لیوان‌ها را به هم زدن	A2 :: جشن‌ها و مناسبت‌ها
la tradition	لا تْرادیسیُن — سنت	A2 :: جشن‌ها و مناسبت‌ها
le souhait	لُ سوئِ — آرزو	A2 :: جشن‌ها و مناسبت‌ها
souhaiter	سوئِته — آرزو کردن	A2 :: جشن‌ها و مناسبت‌ها
l'entreprise	لانتْرُپْریز — شرکت	B1 :: کار و اشتغال
la société	لا سُسیِته — شرکت / جامعه	B1 :: کار و اشتغال
l'entretien d'embauche	لانتْرُتی‌یَن دانبُش — مصاحبهٔ استخدامی	B1 :: کار و اشتغال
le curriculum vitae	لُ کوریکولُم ویته — رزومه	B1 :: کار و اشتغال
la lettre de motivation	لا لِتْر دُ مُتیواسیُن — نامهٔ انگیزشی	B1 :: کار و اشتغال
la candidature	لا کاندیداتور — درخواست شغل	B1 :: کار و اشتغال
le candidat	لُ کاندیدا — داوطلب	B1 :: کار و اشتغال
le contrat	لُ کُنتْرا — قرارداد	B1 :: کار و اشتغال
le CDI	لُ سه دِ ای — قرارداد دائم	B1 :: کار و اشتغال
le stage	لُ ستاژ — کارآموزی	B1 :: کار و اشتغال
le poste	لُ پُست — سمت شغلی	B1 :: کار و اشتغال
le collègue	لُ کُلِگ — همکار	B1 :: کار و اشتغال
le patron	لُ پاتْرُن — کارفرما	B1 :: کار و اشتغال
le chef d'équipe	لُ شِف دِکیپ — سرپرست تیم	B1 :: کار و اشتغال
la réunion	لا رِئونیُن — جلسه	B1 :: کار و اشتغال
la tâche	لا تاش — وظیفه	B1 :: کار و اشتغال
la responsabilité	لا رِسپُنسابیلیته — مسئولیت	B1 :: کار و اشتغال
la compétence	لا کُنپِتانس — مهارت	B1 :: کار و اشتغال
l'expérience	لِکسپِریانس — تجربه	B1 :: کار و اشتغال
la formation	لا فُرماسیُن — آموزش حرفه‌ای	B1 :: کار و اشتغال
l'augmentation	لُگمانتاسیُن — افزایش حقوق	B1 :: کار و اشتغال
la promotion	لا پْرُمُسیُن — ارتقای شغلی	B1 :: کار و اشتغال
le congé	لُ کُنژه — مرخصی	B1 :: کار و اشتغال
les heures supplémentaires	لِ زُر سوپْلِمانتِر — اضافه‌کاری	B1 :: کار و اشتغال
le licenciement	لُ لیسانسیْمان — اخراج	B1 :: کار و اشتغال
démissionner	دِمیسیُنه — استعفا دادن	B1 :: کار و اشتغال
embaucher	آنبُشه — استخدام کردن	B1 :: کار و اشتغال
le chômage	لُ شُماژ — بیکاری	B1 :: کار و اشتغال
le syndicat	لُ سَندیکا — اتحادیهٔ کارگری	B1 :: کار و اشتغال
la grève	لا گْرِو — اعتصاب	B1 :: کار و اشتغال
le télétravail	لُ تِلِتْراوای — دورکاری	B1 :: کار و اشتغال
la carrière	لا کاری‌یِر — مسیر شغلی	B1 :: کار و اشتغال
gérer	ژِره — مدیریت کردن	B1 :: کار و اشتغال
diriger	دیریژه — رهبری کردن	B1 :: کار و اشتغال
les études	لِ زِتود — تحصیلات	B1 :: تحصیل و دانشگاه
la faculté	لا فاکولته — دانشکده	B1 :: تحصیل و دانشگاه
la licence	لا لیسانس — کارشناسی	B1 :: تحصیل و دانشگاه
le master	لُ ماستِر — کارشناسی ارشد	B1 :: تحصیل و دانشگاه
le doctorat	لُ دُکتُرا — دکتری	B1 :: تحصیل و دانشگاه
le diplôme	لُ دیپْلُم — مدرک	B1 :: تحصیل و دانشگاه
la bourse	لا بورس — بورس تحصیلی	B1 :: تحصیل و دانشگاه
l'inscription	لَنسکْریپسیُن — ثبت‌نام	B1 :: تحصیل و دانشگاه
s'inscrire	سَنسکْریر — ثبت‌نام کردن	B1 :: تحصیل و دانشگاه
la matière	لا ماتی‌یِر — درس / ماده	B1 :: تحصیل و دانشگاه
le semestre	لُ سُمِستْر — نیم‌سال	B1 :: تحصیل و دانشگاه
l'amphithéâtre	لانفیتِئاتْر — تالار درس	B1 :: تحصیل و دانشگاه
le cours magistral	لُ کور ماژیستْرال — درس عمومی	B1 :: تحصیل و دانشگاه
les travaux dirigés	لِ تْراوُ دیریژه — کلاس تمرین	B1 :: تحصیل و دانشگاه
l'exposé	لِکسپُزه — ارائهٔ کلاسی	B1 :: تحصیل و دانشگاه
le mémoire	لُ مِموآر — پایان‌نامه	B1 :: تحصیل و دانشگاه
la thèse	لا تِز — رسالهٔ دکتری	B1 :: تحصیل و دانشگاه
la recherche	لا رُشِرش — پژوهش	B1 :: تحصیل و دانشگاه
la bibliographie	لا بیبْلی‌یُگْرافی — کتاب‌شناسی	B1 :: تحصیل و دانشگاه
le résumé	لُ رِزومه — چکیده	B1 :: تحصیل و دانشگاه
réviser	رِویزه — مرور کردن	B1 :: تحصیل و دانشگاه
passer un examen	پاسه اَن اِگزامَن — امتحان دادن	B1 :: تحصیل و دانشگاه
réussir un examen	رِئوسیر اَن اِگزامَن — قبول شدن	B1 :: تحصیل و دانشگاه
rater un examen	راته اَن اِگزامَن — رد شدن	B1 :: تحصیل و دانشگاه
la moyenne	لا موآیِن — معدل	B1 :: تحصیل و دانشگاه
le redoublement	لُ رُدوبْلُمان — تکرار سال تحصیلی	B1 :: تحصیل و دانشگاه
l'apprentissage	لاپْرانتیساژ — یادگیری	B1 :: تحصیل و دانشگاه
les connaissances	لِ کُنِسانس — دانسته‌ها	B1 :: تحصیل و دانشگاه
le savoir	لُ ساووآر — دانش	B1 :: تحصیل و دانشگاه
le progrès	لُ پْرُگْرِ — پیشرفت	B1 :: تحصیل و دانشگاه
la difficulté	لا دیفیکولته — دشواری	B1 :: تحصیل و دانشگاه
le niveau	لُ نیوُ — سطح	B1 :: تحصیل و دانشگاه
approfondir	آپْرُفُندیر — عمیق‌تر کردن	B1 :: تحصیل و دانشگاه
le logement	لُ لُژْمان — مسکن	B1 :: خانه و اجاره‌نشینی
le studio	لُ ستودیُ — آپارتمان یک‌خوابه	B1 :: خانه و اجاره‌نشینی
la colocation	لا کُلُکاسیُن — هم‌خانگی	B1 :: خانه و اجاره‌نشینی
le colocataire	لُ کُلُکاتِر — هم‌خانه	B1 :: خانه و اجاره‌نشینی
le propriétaire	لُ پْرُپْری‌یِتِر — مالک	B1 :: خانه و اجاره‌نشینی
le locataire	لُ لُکاتِر — مستأجر	B1 :: خانه و اجاره‌نشینی
le bail	لُ بای — اجاره‌نامه	B1 :: خانه و اجاره‌نشینی
le loyer	لُ لْوآیه — اجاره‌بها	B1 :: خانه و اجاره‌نشینی
les charges	لِ شارژ — هزینه‌های مشترک	B1 :: خانه و اجاره‌نشینی
la caution	لا کُسیُن — ودیعه	B1 :: خانه و اجاره‌نشینی
l'état des lieux	لِتا دِ لیُ — صورت‌جلسهٔ تحویل	B1 :: خانه و اجاره‌نشینی
la surface	لا سورفاس — متراژ	B1 :: خانه و اجاره‌نشینی
le mètre carré	لُ مِتْر کاره — متر مربع	B1 :: خانه و اجاره‌نشینی
meublé	مُبْله — مبله	B1 :: خانه و اجاره‌نشینی
vide	وید — خالی	B1 :: خانه و اجاره‌نشینی
l'immobilier	لیمُبیلیه — املاک	B1 :: خانه و اجاره‌نشینی
l'agence immobilière	لاژانس ایمُبیلی‌یِر — بنگاه املاک	B1 :: خانه و اجاره‌نشینی
emménager	آنمِناژه — اسباب‌کشی کردن (به خانهٔ نو)	B1 :: خانه و اجاره‌نشینی
le gardien	لُ گاردیَن — سرایدار	B1 :: خانه و اجاره‌نشینی
le quartier résidentiel	لُ کارتیه رِزیدانسیِل — محلهٔ مسکونی	B1 :: خانه و اجاره‌نشینی
la banlieue	لا بانلیُ — حومه	B1 :: خانه و اجاره‌نشینی
le chauffage	لُ شُفاژ — سیستم گرمایش	B1 :: خانه و اجاره‌نشینی
la climatisation	لا کْلیماتیزاسیُن — تهویهٔ مطبوع	B1 :: خانه و اجاره‌نشینی
l'électricité	لِلِکتْریسیته — برق	B1 :: خانه و اجاره‌نشینی
le compteur	لُ کُنتُر — کنتور	B1 :: خانه و اجاره‌نشینی
la fuite d'eau	لا فویت دُ — نشتی آب	B1 :: خانه و اجاره‌نشینی
les travaux	لِ تْراوُ — تعمیرات ساختمانی	B1 :: خانه و اجاره‌نشینی
rénover	رِنُوه — بازسازی کردن	B1 :: خانه و اجاره‌نشینی
le déménagement	لُ دِمِناژْمان — اسباب‌کشی	B1 :: خانه و اجاره‌نشینی
le confort	لُ کُنفُر — آسایش	B1 :: خانه و اجاره‌نشینی
l'environnement	لانویرُنْمان — محیط زیست	B1 :: محیط زیست
la nature	لا ناتور — طبیعت	B1 :: محیط زیست
la pollution	لا پُلوسیُن — آلودگی	B1 :: محیط زیست
polluer	پُلوئه — آلوده کردن	B1 :: محیط زیست
les déchets	لِ دِشه — زباله‌ها	B1 :: محیط زیست
le tri	لُ تْری — تفکیک زباله	B1 :: محیط زیست
le recyclage	لُ رُسیکْلاژ — بازیافت	B1 :: محیط زیست
recycler	رُسیکْله — بازیافت کردن	B1 :: محیط زیست
le plastique	لُ پْلاستیک — پلاستیک	B1 :: محیط زیست
le verre	لُ وِر — شیشه	B1 :: محیط زیست
le carton	لُ کارتُن — مقوا	B1 :: محیط زیست
l'énergie	لِنِرژی — انرژی	B1 :: محیط زیست
l'énergie renouvelable	لِنِرژی رُنوووُلابْل — انرژی تجدیدپذیر	B1 :: محیط زیست
le panneau solaire	لُ پانُ سُلِر — پنل خورشیدی	B1 :: محیط زیست
l'éolienne	لِئُلی‌یِن — توربین بادی	B1 :: محیط زیست
le climat	لُ کْلیما — اقلیم	B1 :: محیط زیست
le réchauffement climatique	لُ رِشُفْمان کْلیماتیک — گرمایش زمین	B1 :: محیط زیست
le gaz à effet de serre	لُ گاز آ اِفه دُ سِر — گاز گلخانه‌ای	B1 :: محیط زیست
la sécheresse	لا سِشْرِس — خشکسالی	B1 :: محیط زیست
l'inondation	لینُنداسیُن — سیل	B1 :: محیط زیست
la biodiversité	لا بیُدیوِرسیته — تنوع زیستی	B1 :: محیط زیست
l'espèce menacée	لِسپِس مُناسه — گونهٔ در خطر	B1 :: محیط زیست
la forêt	لا فُرِ — جنگل	B1 :: محیط زیست
la déforestation	لا دِفُرِستاسیُن — جنگل‌زدایی	B1 :: محیط زیست
protéger	پْرُتِژه — حفاظت کردن	B1 :: محیط زیست
préserver	پْرِزِروه — حفظ کردن	B1 :: محیط زیست
gaspiller	گاسپیه — هدر دادن	B1 :: محیط زیست
économiser l'eau	اِکُنُمیزه لُ — صرفه‌جویی در آب	B1 :: محیط زیست
durable	دورابْل — پایدار	B1 :: محیط زیست
écologique	اِکُلُژیک — زیست‌محیطی	B1 :: محیط زیست
la planète	لا پْلانِت — سیاره	B1 :: محیط زیست
l'empreinte carbone	لانپْرَنت کاربُن — ردپای کربن	B1 :: محیط زیست
les médias	لِ مِدیا — رسانه‌ها	B1 :: رسانه و خبر
l'actualité	لاکتوآلیته — اخبار روز	B1 :: رسانه و خبر
l'information	لَنفُرماسیُن — اطلاعات / خبر	B1 :: رسانه و خبر
le journaliste	لُ ژورنالیست — روزنامه‌نگار	B1 :: رسانه و خبر
le reportage	لُ رُپُرتاژ — گزارش	B1 :: رسانه و خبر
l'article	لارتیکْل — مقاله	B1 :: رسانه و خبر
le titre	لُ تیتْر — عنوان	B1 :: رسانه و خبر
la une	لا اون — صفحهٔ نخست	B1 :: رسانه و خبر
le magazine	لُ ماگازین — مجله	B1 :: رسانه و خبر
l'abonnement	لابُنْمان — اشتراک	B1 :: رسانه و خبر
la chaîne d'information	لا شِن دَنفُرماسیُن — شبکهٔ خبری	B1 :: رسانه و خبر
l'émission	لِمیسیُن — برنامه	B1 :: رسانه و خبر
le documentaire	لُ دُکومانتِر — مستند	B1 :: رسانه و خبر
le direct	لُ دیرِکت — پخش زنده	B1 :: رسانه و خبر
l'interview	لَنتِرویو — مصاحبه	B1 :: رسانه و خبر
l'audience	لُدیانس — مخاطبان	B1 :: رسانه و خبر
le public	لُ پوبْلیک — عموم مردم	B1 :: رسانه و خبر
l'opinion publique	لُپینیُن پوبْلیک — افکار عمومی	B1 :: رسانه و خبر
le sondage	لُ سُنداژ — نظرسنجی	B1 :: رسانه و خبر
la rumeur	لا رومُر — شایعه	B1 :: رسانه و خبر
la censure	لا سانسور — سانسور	B1 :: رسانه و خبر
la liberté d'expression	لا لیبِرته دِکسپْرِسیُن — آزادی بیان	B1 :: رسانه و خبر
la source	لا سورس — منبع	B1 :: رسانه و خبر
vérifier	وِریفیه — راستی‌آزمایی کردن	B1 :: رسانه و خبر
annoncer	آنُنسه — اعلام کردن	B1 :: رسانه و خبر
publier	پوبْلیه — منتشر کردن	B1 :: رسانه و خبر
diffuser	دیفوزه — پخش کردن	B1 :: رسانه و خبر
s'informer	سَنفُرمه — باخبر شدن	B1 :: رسانه و خبر
le fait divers	لُ فِ دیوِر — خبر حوادث	B1 :: رسانه و خبر
le scandale	لُ سکاندال — رسوایی	B1 :: رسانه و خبر
la relation	لا رُلاسیُن — رابطه	B1 :: روابط اجتماعی
l'amitié	لامیتیه — دوستی	B1 :: روابط اجتماعی
la confiance	لا کُنفیانس — اعتماد	B1 :: روابط اجتماعی
faire confiance	فِر کُنفیانس — اعتماد کردن	B1 :: روابط اجتماعی
le respect	لُ رِسپِ — احترام	B1 :: روابط اجتماعی
respecter	رِسپِکته — احترام گذاشتن	B1 :: روابط اجتماعی
le conflit	لُ کُنفْلی — کشمکش	B1 :: روابط اجتماعی
la dispute	لا دیسپوت — دعوا	B1 :: روابط اجتماعی
se disputer	سُ دیسپوته — دعوا کردن	B1 :: روابط اجتماعی
se réconcilier	سُ رِکُنسیلیه — آشتی کردن	B1 :: روابط اجتماعی
le malentendu	لُ مالانتاندو — سوءتفاهم	B1 :: روابط اجتماعی
l'excuse	لِکسکوز — عذرخواهی	B1 :: روابط اجتماعی
s'excuser	سِکسکوزه — عذرخواهی کردن	B1 :: روابط اجتماعی
pardonner	پاردُنه — بخشیدن	B1 :: روابط اجتماعی
le compromis	لُ کُنپْرُمی — سازش	B1 :: روابط اجتماعی
le conseil	لُ کُنسِی — توصیه	B1 :: روابط اجتماعی
conseiller	کُنسِیه — توصیه کردن	B1 :: روابط اجتماعی
soutenir	سوتُنیر — پشتیبانی کردن	B1 :: روابط اجتماعی
le soutien	لُ سوتی‌یَن — پشتیبانی	B1 :: روابط اجتماعی
la solidarité	لا سُلیداریته — همبستگی	B1 :: روابط اجتماعی
le bénévolat	لُ بِنِوُلا — کار داوطلبانه	B1 :: روابط اجتماعی
l'association	لاسُسیاسیُن — انجمن	B1 :: روابط اجتماعی
la réunion de famille	لا رِئونیُن دُ فامی‌یْ — دورهمی خانوادگی	B1 :: روابط اجتماعی
le couple	لُ کوپْل — زوج	B1 :: روابط اجتماعی
le célibat	لُ سِلیبا — تجرد	B1 :: روابط اجتماعی
la rupture	لا روپتور — جدایی	B1 :: روابط اجتماعی
l'entraide	لانتْرِد — یاری متقابل	B1 :: روابط اجتماعی
s'entendre bien	ساتاندْر بی‌یَن — خوب کنار آمدن	B1 :: روابط اجتماعی
le comportement	لُ کُنپُرتُمان — رفتار	B1 :: روابط اجتماعی
la politesse	لا پُلیتِس — ادب	B1 :: روابط اجتماعی
le préjugé	لُ پْرِژوژه — پیش‌داوری	B1 :: روابط اجتماعی
la génération	لا ژِنِراسیُن — نسل	B1 :: روابط اجتماعی
la circulation	لا سیرکولاسیُن — ترافیک	B1 :: شهر و زندگی شهری
l'embouteillage	لانبوتِیاژ — راه‌بندان	B1 :: شهر و زندگی شهری
les transports en commun	لِ تْرانسپُر آن کُمَن — حمل‌ونقل عمومی	B1 :: شهر و زندگی شهری
l'abonnement mensuel	لابُنْمان مانسوئِل — اشتراک ماهانه	B1 :: شهر و زندگی شهری
l'heure de pointe	لُر دُ پوَنت — ساعت شلوغی	B1 :: شهر و زندگی شهری
le piéton	لُ پیِتُن — عابر پیاده	B1 :: شهر و زندگی شهری
le cycliste	لُ سیکْلیست — دوچرخه‌سوار	B1 :: شهر و زندگی شهری
l'amende	لاماند — جریمه	B1 :: شهر و زندگی شهری
le stationnement	لُ ستاسیُنْمان — پارک کردن	B1 :: شهر و زندگی شهری
le bruit	لُ بْرویی — سروصدا	B1 :: شهر و زندگی شهری
la foule	لا فول — جمعیت	B1 :: شهر و زندگی شهری
le sans-abri	لُ سان زابْری — بی‌خانمان	B1 :: شهر و زندگی شهری
la mendicité	لا ماندیسیته — گدایی	B1 :: شهر و زندگی شهری
la sécurité	لا سِکوریته — امنیت	B1 :: شهر و زندگی شهری
le vol	لُ وُل — دزدی	B1 :: شهر و زندگی شهری
le voleur	لُ وُلُر — دزد	B1 :: شهر و زندگی شهری
le commissariat	لُ کُمیساریا — کلانتری	B1 :: شهر و زندگی شهری
la plainte	لا پْلَنت — شکایت	B1 :: شهر و زندگی شهری
porter plainte	پُرته پْلَنت — شکایت کردن	B1 :: شهر و زندگی شهری
le témoin	لُ تِموَن — شاهد	B1 :: شهر و زندگی شهری
l'accident	لاکسیدان — تصادف	B1 :: شهر و زندگی شهری
les secours	لِ سُکور — امدادگران	B1 :: شهر و زندگی شهری
le service public	لُ سِرویس پوبْلیک — خدمات عمومی	B1 :: شهر و زندگی شهری
la municipalité	لا مونیسیپالیته — شهرداری	B1 :: شهر و زندگی شهری
l'espace vert	لِسپاس وِر — فضای سبز	B1 :: شهر و زندگی شهری
le marché couvert	لُ مارشه کووِر — بازار سرپوشیده	B1 :: شهر و زندگی شهری
le centre commercial	لُ سانتْر کُمِرسیال — مرکز خرید	B1 :: شهر و زندگی شهری
la zone piétonne	لا زُن پیِتُن — منطقهٔ پیاده	B1 :: شهر و زندگی شهری
l'urbanisme	لوربانیسم — شهرسازی	B1 :: شهر و زندگی شهری
la vie de quartier	لا وی دُ کارتیه — زندگی محله‌ای	B1 :: شهر و زندگی شهری
la culture	لا کولتور — فرهنگ	B1 :: فرهنگ و هنر
l'art	لار — هنر	B1 :: فرهنگ و هنر
l'œuvre	لُوْر — اثر هنری	B1 :: فرهنگ و هنر
l'artiste	لارتیست — هنرمند	B1 :: فرهنگ و هنر
le peintre	لُ پَنتْر — نقاش	B1 :: فرهنگ و هنر
la peinture	لا پَنتور — نقاشی	B1 :: فرهنگ و هنر
le tableau	لُ تابْلُ — تابلو	B1 :: فرهنگ و هنر
la sculpture	لا سکولپتور — مجسمه‌سازی	B1 :: فرهنگ و هنر
l'exposition	لِکسپُزیسیُن — نمایشگاه	B1 :: فرهنگ و هنر
le musée	لُ موزه — موزه	B1 :: فرهنگ و هنر
la galerie	لا گالْری — گالری	B1 :: فرهنگ و هنر
le spectacle	لُ سپِکتاکْل — نمایش	B1 :: فرهنگ و هنر
la pièce de théâtre	لا پی‌یِس دُ تِئاتْر — نمایشنامه	B1 :: فرهنگ و هنر
l'acteur	لاکتُر — بازیگر	B1 :: فرهنگ و هنر
le metteur en scène	لُ مِتُر آن سِن — کارگردان تئاتر	B1 :: فرهنگ و هنر
le réalisateur	لُ رِئالیزاتُر — کارگردان سینما	B1 :: فرهنگ و هنر
le film	لُ فیلم — فیلم	B1 :: فرهنگ و هنر
le scénario	لُ سِناریُ — فیلمنامه	B1 :: فرهنگ و هنر
le sous-titre	لُ سو تیتْر — زیرنویس	B1 :: فرهنگ و هنر
la bande originale	لا باند اُریژینال — موسیقی متن	B1 :: فرهنگ و هنر
le concert	لُ کُنسِر — کنسرت	B1 :: فرهنگ و هنر
le chanteur	لُ شانتُر — خواننده	B1 :: فرهنگ و هنر
la chanson	لا شانسُن — ترانه	B1 :: فرهنگ و هنر
l'orchestre	لُرکِستْر — ارکستر	B1 :: فرهنگ و هنر
le roman	لُ رُمان — رمان	B1 :: فرهنگ و هنر
le poème	لُ پُئِم — شعر	B1 :: فرهنگ و هنر
l'écrivain	لِکْریوَن — نویسنده	B1 :: فرهنگ و هنر
l'éditeur	لِدیتُر — ناشر	B1 :: فرهنگ و هنر
la critique	لا کْریتیک — نقد	B1 :: فرهنگ و هنر
le patrimoine	لُ پاتْریموآن — میراث فرهنگی	B1 :: فرهنگ و هنر
le festival	لُ فِستیوال — جشنواره	B1 :: فرهنگ و هنر
la mode	لا مُد — مُد	B1 :: فرهنگ و هنر
le mode de vie	لُ مُد دُ وی — سبک زندگی	B1 :: سلامت و سبک زندگی
l'alimentation	لالیمانتاسیُن — تغذیه	B1 :: سلامت و سبک زندگی
équilibré	اِکیلیبْره — متعادل	B1 :: سلامت و سبک زندگی
les vitamines	لِ ویتامین — ویتامین‌ها	B1 :: سلامت و سبک زندگی
les matières grasses	لِ ماتی‌یِر گْراس — چربی‌ها	B1 :: سلامت و سبک زندگی
le sucre ajouté	لُ سوکْر آژوته — قند افزوده	B1 :: سلامت و سبک زندگی
le poids	لُ پوآ — وزن	B1 :: سلامت و سبک زندگی
maigrir	مِگْریر — لاغر شدن	B1 :: سلامت و سبک زندگی
grossir	گْرُسیر — چاق شدن	B1 :: سلامت و سبک زندگی
le sommeil	لُ سُمِی — خواب	B1 :: سلامت و سبک زندگی
l'insomnie	لَنسُمنی — بی‌خوابی	B1 :: سلامت و سبک زندگی
la dépression	لا دِپْرِسیُن — افسردگی	B1 :: سلامت و سبک زندگی
l'anxiété	لانکسیِته — اضطراب	B1 :: سلامت و سبک زندگی
le bien-être	لُ بی‌یَن اِتْر — تندرستی و آرامش	B1 :: سلامت و سبک زندگی
la relaxation	لا رُلاکساسیُن — آرام‌سازی	B1 :: سلامت و سبک زندگی
la méditation	لا مِدیتاسیُن — مراقبه	B1 :: سلامت و سبک زندگی
le tabac	لُ تابا — دخانیات	B1 :: سلامت و سبک زندگی
fumer	فومه — سیگار کشیدن	B1 :: سلامت و سبک زندگی
arrêter de fumer	آرِته دُ فومه — ترک سیگار	B1 :: سلامت و سبک زندگی
l'alcool	لالکُل — الکل	B1 :: سلامت و سبک زندگی
la dépendance	لا دِپاندانس — اعتیاد	B1 :: سلامت و سبک زندگی
la prévention	لا پْرِوانسیُن — پیشگیری	B1 :: سلامت و سبک زندگی
le dépistage	لُ دِپیستاژ — غربالگری	B1 :: سلامت و سبک زندگی
le traitement	لُ تْرِتْمان — درمان	B1 :: سلامت و سبک زندگی
le spécialiste	لُ سپِسیالیست — متخصص	B1 :: سلامت و سبک زندگی
le chirurgien	لُ شیرورژی‌یَن — جراح	B1 :: سلامت و سبک زندگی
l'opération	لُپِراسیُن — عمل جراحی	B1 :: سلامت و سبک زندگی
le rétablissement	لُ رِتابْلیسْمان — بهبودی	B1 :: سلامت و سبک زندگی
l'espérance de vie	لِسپِرانس دُ وی — امید به زندگی	B1 :: سلامت و سبک زندگی
le handicap	لُ آندیکاپ — معلولیت	B1 :: سلامت و سبک زندگی
le numérique	لُ نومِریک — دیجیتال	B1 :: فناوری و اینترنت
la connexion	لا کُنِکسیُن — اتصال	B1 :: فناوری و اینترنت
le réseau	لُ رِزُ — شبکه	B1 :: فناوری و اینترنت
le moteur de recherche	لُ مُتُر دُ رُشِرش — موتور جست‌وجو	B1 :: فناوری و اینترنت
le navigateur	لُ ناویگاتُر — مرورگر	B1 :: فناوری و اینترنت
le compte	لُ کُنت — حساب کاربری	B1 :: فناوری و اینترنت
le profil	لُ پْرُفیل — نمایه	B1 :: فناوری و اینترنت
l'abonné	لابُنه — دنبال‌کننده / مشترک	B1 :: فناوری و اینترنت
la publication	لا پوبْلیکاسیُن — پست / انتشار	B1 :: فناوری و اینترنت
le commentaire	لُ کُمانتِر — دیدگاه	B1 :: فناوری و اینترنت
partager	پارتاژه — به اشتراک گذاشتن	B1 :: فناوری و اینترنت
le contenu	لُ کُنتُنو — محتوا	B1 :: فناوری و اینترنت
la donnée	لا دُنه — داده	B1 :: فناوری و اینترنت
la vie privée	لا وی پْریوه — حریم خصوصی	B1 :: فناوری و اینترنت
le piratage	لُ پیراتاژ — هک / دزدی دیجیتال	B1 :: فناوری و اینترنت
le virus	لُ ویروس — ویروس رایانه‌ای	B1 :: فناوری و اینترنت
la sauvegarde	لا سُوْگارد — پشتیبان‌گیری	B1 :: فناوری و اینترنت
la mise à jour	لا میز آ ژور — به‌روزرسانی	B1 :: فناوری و اینترنت
le logiciel	لُ لُژیسیِل — نرم‌افزار	B1 :: فناوری و اینترنت
le matériel	لُ ماتِریِل — سخت‌افزار	B1 :: فناوری و اینترنت
l'intelligence artificielle	لَنتِلیژانس آرتیفیسیِل — هوش مصنوعی	B1 :: فناوری و اینترنت
le robot	لُ رُبُ — ربات	B1 :: فناوری و اینترنت
l'algorithme	لالگُریتم — الگوریتم	B1 :: فناوری و اینترنت
le codage	لُ کُداژ — برنامه‌نویسی	B1 :: فناوری و اینترنت
le cloud	لُ کْلاود — فضای ابری	B1 :: فناوری و اینترنت
le débit	لُ دِبی — سرعت اینترنت	B1 :: فناوری و اینترنت
la fibre optique	لا فیبْر اُپتیک — فیبر نوری	B1 :: فناوری و اینترنت
le paiement en ligne	لُ پِمان آن لینی — پرداخت آنلاین	B1 :: فناوری و اینترنت
le commerce en ligne	لُ کُمِرس آن لینی — تجارت آنلاین	B1 :: فناوری و اینترنت
la livraison	لا لیوْرِزُن — تحویل کالا	B1 :: فناوری و اینترنت
l'administration	لادمینیستْراسیُن — اداره / دیوان‌سالاری	B1 :: اداری و حقوقی
la démarche	لا دِمارش — اقدام اداری	B1 :: اداری و حقوقی
le titre de séjour	لُ تیتْر دُ سِژور — اجازهٔ اقامت	B1 :: اداری و حقوقی
la préfecture	لا پْرِفِکتور — فرمانداری	B1 :: اداری و حقوقی
le récépissé	لُ رِسِپیسه — رسید موقت	B1 :: اداری و حقوقی
le renouvellement	لُ رُنوووِلْمان — تمدید	B1 :: اداری و حقوقی
le refus	لُ رُفو — رد درخواست	B1 :: اداری و حقوقی
le recours	لُ رُکور — اعتراض / تجدیدنظر	B1 :: اداری و حقوقی
le droit	لُ دْروآ — حق / حقوق	B1 :: اداری و حقوقی
le devoir	لُ دُووآر — وظیفه	B1 :: اداری و حقوقی
la loi	لا لوآ — قانون	B1 :: اداری و حقوقی
légal	لِگال — قانونی	B1 :: اداری و حقوقی
illégal	ایلِگال — غیرقانونی	B1 :: اداری و حقوقی
l'impôt	لَنپُ — مالیات	B1 :: اداری و حقوقی
la déclaration	لا دِکْلاراسیُن — اظهارنامه	B1 :: اداری و حقوقی
l'assurance maladie	لاسورانس مالادی — بیمهٔ درمانی	B1 :: اداری و حقوقی
la retraite	لا رُتْرِت — بازنشستگی	B1 :: اداری و حقوقی
l'allocation	لالُکاسیُن — کمک‌هزینه	B1 :: اداری و حقوقی
le contrat de travail	لُ کُنتْرا دُ تْراوای — قرارداد کار	B1 :: اداری و حقوقی
la nationalité	لا ناسیُنالیته — تابعیت	B1 :: اداری و حقوقی
la naturalisation	لا ناتورالیزاسیُن — پذیرش تابعیت	B1 :: اداری و حقوقی
l'acte de naissance	لاکت دُ نِسانس — شناسنامه	B1 :: اداری و حقوقی
le tribunal	لُ تْریبونال — دادگاه	B1 :: اداری و حقوقی
l'avocat	لاووکا — وکیل	B1 :: اداری و حقوقی
le juge	لُ ژوژ — قاضی	B1 :: اداری و حقوقی
la peine	لا پِن — مجازات	B1 :: اداری و حقوقی
l'amende	لاماند — جریمهٔ نقدی	B1 :: اداری و حقوقی
le délai	لُ دِلِ — مهلت	B1 :: اداری و حقوقی
le cachet	لُ کاشه — مُهر	B1 :: اداری و حقوقی
le tampon	لُ تانپُن — مُهر اداری	B1 :: اداری و حقوقی
réaliser	رِئالیزه — تحقق بخشیدن / متوجه شدن	B1 :: فعل‌های سطح متوسط
obtenir	اُبتُنیر — به دست آوردن	B1 :: فعل‌های سطح متوسط
permettre	پِرمِتْر — اجازه دادن	B1 :: فعل‌های سطح متوسط
interdire	اَنتِردیر — ممنوع کردن	B1 :: فعل‌های سطح متوسط
empêcher	آنپِشه — بازداشتن	B1 :: فعل‌های سطح متوسط
éviter	اِویته — پرهیز کردن	B1 :: فعل‌های سطح متوسط
prévoir	پْرِووآر — پیش‌بینی کردن	B1 :: فعل‌های سطح متوسط
organiser	اُرگانیزه — سازمان‌دهی کردن	B1 :: فعل‌های سطح متوسط
participer	پارتیسیپه — شرکت کردن	B1 :: فعل‌های سطح متوسط
collaborer	کُلابُره — همکاری کردن	B1 :: فعل‌های سطح متوسط
améliorer	آمِلیُره — بهبود دادن	B1 :: فعل‌های سطح متوسط
augmenter	اُگمانته — افزایش دادن	B1 :: فعل‌های سطح متوسط
diminuer	دیمینوئه — کاهش دادن	B1 :: فعل‌های سطح متوسط
remplacer	رانپْلاسه — جایگزین کردن	B1 :: فعل‌های سطح متوسط
comparer	کُنپاره — مقایسه کردن	B1 :: فعل‌های سطح متوسط
choisir entre	شواسیر آنتْر — انتخاب کردن میان	B1 :: فعل‌های سطح متوسط
hésiter	اِزیته — تردید کردن	B1 :: فعل‌های سطح متوسط
regretter	رُگْرِته — افسوس خوردن	B1 :: فعل‌های سطح متوسط
reprocher	رُپْرُشه — سرزنش کردن	B1 :: فعل‌های سطح متوسط
se plaindre	سُ پْلَندْر — شکایت کردن	B1 :: فعل‌های سطح متوسط
exiger	اِگزیژه — مطالبه کردن	B1 :: فعل‌های سطح متوسط
obliger	اُبْلیژه — وادار کردن	B1 :: فعل‌های سطح متوسط
promettre	پْرُمِتْر — قول دادن	B1 :: فعل‌های سطح متوسط
prévenir	پْرِوُنیر — خبر دادن / هشدار دادن	B1 :: فعل‌های سطح متوسط
rappeler	راپُله — یادآوری کردن	B1 :: فعل‌های سطح متوسط
remarquer	رُمارکه — متوجه شدن	B1 :: فعل‌های سطح متوسط
apercevoir	آپِرسُووآر — از دور دیدن	B1 :: فعل‌های سطح متوسط
reconnaître	رُکُنِتْر — بازشناختن / پذیرفتن	B1 :: فعل‌های سطح متوسط
supposer	سوپُزه — فرض کردن	B1 :: فعل‌های سطح متوسط
douter	دوته — شک داشتن	B1 :: فعل‌های سطح متوسط
convaincre	کُنوَنکْر — متقاعد کردن	B1 :: فعل‌های سطح متوسط
insister	اَنسیسته — پافشاری کردن	B1 :: فعل‌های سطح متوسط
préciser	پْرِسیزه — دقیق‌تر بیان کردن	B1 :: فعل‌های سطح متوسط
résoudre	رِزودْر — حل کردن	B1 :: فعل‌های سطح متوسط
réagir	رِئاژیر — واکنش نشان دادن	B1 :: فعل‌های سطح متوسط
efficace	اِفیکاس — کارآمد	B1 :: صفت‌های سطح متوسط
compétent	کُنپِتان — شایسته	B1 :: صفت‌های سطح متوسط
expérimenté	اِکسپِریمانته — باتجربه	B1 :: صفت‌های سطح متوسط
responsable	رِسپُنسابْل — مسئول	B1 :: صفت‌های سطح متوسط
fiable	فیابْل — قابل‌اعتماد	B1 :: صفت‌های سطح متوسط
motivé	مُتیوه — باانگیزه	B1 :: صفت‌های سطح متوسط
ambitieux	آنبیسیُ — بلندپرواز	B1 :: صفت‌های سطح متوسط
créatif	کْرِئاتیف — خلاق	B1 :: صفت‌های سطح متوسط
original	اُریژینال — بدیع	B1 :: صفت‌های سطح متوسط
compliqué	کُنپْلیکه — پیچیده	B1 :: صفت‌های سطح متوسط
évident	اِویدان — بدیهی	B1 :: صفت‌های سطح متوسط
surprenant	سورپْرُنان — شگفت‌آور	B1 :: صفت‌های سطح متوسط
inquiétant	اَنکیِتان — نگران‌کننده	B1 :: صفت‌های سطح متوسط
rassurant	راسوران — آرامش‌بخش	B1 :: صفت‌های سطح متوسط
satisfait	ساتیسفِ — خشنود	B1 :: صفت‌های سطح متوسط
mécontent	مِکُنتان — ناراضی	B1 :: صفت‌های سطح متوسط
indispensable	اَندیسپانسابْل — ضروری	B1 :: صفت‌های سطح متوسط
suffisant	سوفیزان — کافی	B1 :: صفت‌های سطح متوسط
insuffisant	اَنسوفیزان — ناکافی	B1 :: صفت‌های سطح متوسط
fréquent	فْرِکان — پرتکرار	B1 :: صفت‌های سطح متوسط
rare	رار — کمیاب	B1 :: صفت‌های سطح متوسط
récent	رِسان — اخیر	B1 :: صفت‌های سطح متوسط
actuel	آکتوئِل — کنونی	B1 :: صفت‌های سطح متوسط
ancien	آنسی‌یَن — پیشین	B1 :: صفت‌های سطح متوسط
mondial	مُندیال — جهانی	B1 :: صفت‌های سطح متوسط
local	لُکال — محلی	B1 :: صفت‌های سطح متوسط
public	پوبْلیک — عمومی	B1 :: صفت‌های سطح متوسط
privé	پْریوه — خصوصی	B1 :: صفت‌های سطح متوسط
obligatoire	اُبْلیگاتوآر — اجباری	B1 :: صفت‌های سطح متوسط
cher	شِر — پرهزینه	B1 :: صفت‌های سطح متوسط
juste	ژوست — عادلانه	B1 :: صفت‌های سطح متوسط
injuste	اَنژوست — ناعادلانه	B1 :: صفت‌های سطح متوسط
à mon avis	آ مُن ناوی — به نظر من	B1 :: بیان نظر و ربط جمله‌ها
selon moi	سُلُن موا — از دید من	B1 :: بیان نظر و ربط جمله‌ها
je pense que	ژُ پانس کُ — فکر می‌کنم که	B1 :: بیان نظر و ربط جمله‌ها
je crois que	ژُ کْروآ کُ — گمان می‌کنم که	B1 :: بیان نظر و ربط جمله‌ها
il me semble que	ایل مُ سامبْل کُ — به نظرم می‌رسد که	B1 :: بیان نظر و ربط جمله‌ها
je suis convaincu	ژُ سویی کُنوَنکو — متقاعد شده‌ام	B1 :: بیان نظر و ربط جمله‌ها
d'une part	دون پار — از یک سو	B1 :: بیان نظر و ربط جمله‌ها
d'autre part	دُتْر پار — از سوی دیگر	B1 :: بیان نظر و ربط جمله‌ها
par contre	پار کُنتْر — در مقابل	B1 :: بیان نظر و ربط جمله‌ها
en revanche	آن رُوانش — در عوض	B1 :: بیان نظر و ربط جمله‌ها
cependant	سُپاندان — با این حال	B1 :: بیان نظر و ربط جمله‌ها
pourtant	پورتان — با وجود این	B1 :: بیان نظر و ربط جمله‌ها
malgré	مالگْره — علی‌رغم	B1 :: بیان نظر و ربط جمله‌ها
grâce à	گْراس آ — به لطفِ	B1 :: بیان نظر و ربط جمله‌ها
à cause de	آ کُز دُ — به سببِ	B1 :: بیان نظر و ربط جمله‌ها
par conséquent	پار کُنسِکان — در نتیجه	B1 :: بیان نظر و ربط جمله‌ها
c'est pourquoi	سِ پورکوآ — به همین دلیل	B1 :: بیان نظر و ربط جمله‌ها
en effet	آن نِفه — در واقع	B1 :: بیان نظر و ربط جمله‌ها
en fait	آن فِت — راستش	B1 :: بیان نظر و ربط جمله‌ها
bref	بْرِف — خلاصه	B1 :: بیان نظر و ربط جمله‌ها
par exemple	پار اِگزامپْل — برای نمونه	B1 :: بیان نظر و ربط جمله‌ها
c'est-à-dire	سِتادیر — یعنی	B1 :: بیان نظر و ربط جمله‌ها
autrement dit	اُتْرُمان دی — به بیان دیگر	B1 :: بیان نظر و ربط جمله‌ها
d'ailleurs	دایُر — ضمناً	B1 :: بیان نظر و ربط جمله‌ها
en plus	آن پْلوس — افزون بر این	B1 :: بیان نظر و ربط جمله‌ها
en conclusion	آن کُنکْلوزیُن — در پایان	B1 :: بیان نظر و ربط جمله‌ها
au contraire	اُ کُنتْرِر — برعکس	B1 :: بیان نظر و ربط جمله‌ها
il vaut mieux	ایل وُ میُ — بهتر است	B1 :: بیان نظر و ربط جمله‌ها
il faut que	ایل فُ کُ — باید که	B1 :: بیان نظر و ربط جمله‌ها
avoir raison	آووآر رِزُن — حق داشتن	B1 :: بیان نظر و ربط جمله‌ها
avoir tort	آووآر تُر — اشتباه کردن	B1 :: بیان نظر و ربط جمله‌ها
être d'accord avec	اِتْر داکُر آوِک — موافق بودن با	B1 :: بیان نظر و ربط جمله‌ها
la liberté	لا لیبِرته — آزادی	B1 :: اسم‌های انتزاعی
l'égalité	لِگالیته — برابری	B1 :: اسم‌های انتزاعی
la justice	لا ژوستیس — عدالت	B1 :: اسم‌های انتزاعی
la vérité	لا وِریته — حقیقت	B1 :: اسم‌های انتزاعی
le mensonge	لُ مانسُنژ — دروغ	B1 :: اسم‌های انتزاعی
le bonheur	لُ بُنُر — خوشبختی	B1 :: اسم‌های انتزاعی
le malheur	لُ مالُر — بدبختی	B1 :: اسم‌های انتزاعی
l'espoir	لِسپوآر — امید	B1 :: اسم‌های انتزاعی
le désespoir	لُ دِزِسپوآر — ناامیدی	B1 :: اسم‌های انتزاعی
le courage	لُ کوراژ — شجاعت	B1 :: اسم‌های انتزاعی
la patience	لا پاسیانس — شکیبایی	B1 :: اسم‌های انتزاعی
la volonté	لا وُلُنته — اراده	B1 :: اسم‌های انتزاعی
le choix	لُ شوآ — انتخاب	B1 :: اسم‌های انتزاعی
la décision	لا دِسیزیُن — تصمیم	B1 :: اسم‌های انتزاعی
le but	لُ بو — هدف	B1 :: اسم‌های انتزاعی
l'objectif	لُبژِکتیف — مقصود	B1 :: اسم‌های انتزاعی
le projet	لُ پْرُژه — طرح	B1 :: اسم‌های انتزاعی
la solution	لا سُلوسیُن — راه‌حل	B1 :: اسم‌های انتزاعی
le problème	لُ پْرُبْلِم — مسئله	B1 :: اسم‌های انتزاعی
la question	لا کِستیُن — پرسش / موضوع	B1 :: اسم‌های انتزاعی
la raison	لا رِزُن — دلیل	B1 :: اسم‌های انتزاعی
la cause	لا کُز — علت	B1 :: اسم‌های انتزاعی
la conséquence	لا کُنسِکانس — پیامد	B1 :: اسم‌های انتزاعی
le résultat	لُ رِزولتا — نتیجه	B1 :: اسم‌های انتزاعی
le changement	لُ شانژْمان — دگرگونی	B1 :: اسم‌های انتزاعی
l'avenir	لاوُنیر — آینده	B1 :: اسم‌های انتزاعی
le passé	لُ پاسه — گذشته	B1 :: اسم‌های انتزاعی
le présent	لُ پْرِزان — زمان حال	B1 :: اسم‌های انتزاعی
la chance	لا شانس — شانس	B1 :: اسم‌های انتزاعی
le hasard	لُ آزار — تصادف / اتفاق	B1 :: اسم‌های انتزاعی
le risque	لُ ریسک — خطر	B1 :: اسم‌های انتزاعی
la sécurité	لا سِکوریته — ایمنی	B1 :: اسم‌های انتزاعی
le pouvoir	لُ پووووآر — قدرت	B1 :: اسم‌های انتزاعی
la richesse	لا ریشِس — ثروت	B1 :: اسم‌های انتزاعی
la pauvreté	لا پُوْرُته — فقر	B1 :: اسم‌های انتزاعی
l'État	لِتا — دولت / کشور	B2 :: سیاست و جامعه
le gouvernement	لُ گووِرنُمان — دولت (هیئت حاکمه)	B2 :: سیاست و جامعه
le pouvoir	لُ پووووآر — قدرت	B2 :: سیاست و جامعه
la démocratie	لا دِمُکْراسی — دموکراسی	B2 :: سیاست و جامعه
la dictature	لا دیکتاتور — دیکتاتوری	B2 :: سیاست و جامعه
la république	لا رِپوبْلیک — جمهوری	B2 :: سیاست و جامعه
le citoyen	لُ سیتوآیَن — شهروند	B2 :: سیاست و جامعه
la citoyenneté	لا سیتوآیِنْته — شهروندی	B2 :: سیاست و جامعه
l'élection	لِلِکسیُن — انتخابات	B2 :: سیاست و جامعه
le scrutin	لُ سکْروتَن — رأی‌گیری	B2 :: سیاست و جامعه
voter	وُته — رأی دادن	B2 :: سیاست و جامعه
le parti politique	لُ پارتی پُلیتیک — حزب سیاسی	B2 :: سیاست و جامعه
le député	لُ دِپوته — نمایندهٔ مجلس	B2 :: سیاست و جامعه
le ministre	لُ مینیستْر — وزیر	B2 :: سیاست و جامعه
le maire	لُ مِر — شهردار	B2 :: سیاست و جامعه
l'opposition	لُپُزیسیُن — اپوزیسیون	B2 :: سیاست و جامعه
la majorité	لا ماژُریته — اکثریت	B2 :: سیاست و جامعه
la minorité	لا مینُریته — اقلیت	B2 :: سیاست و جامعه
la réforme	لا رِفُرم — اصلاحات	B2 :: سیاست و جامعه
la manifestation	لا مانیفِستاسیُن — تظاهرات	B2 :: سیاست و جامعه
manifester	مانیفِسته — تظاهرات کردن	B2 :: سیاست و جامعه
la revendication	لا رُواندیکاسیُن — مطالبه	B2 :: سیاست و جامعه
la contestation	لا کُنتِستاسیُن — اعتراض	B2 :: سیاست و جامعه
le débat public	لُ دِبا پوبْلیک — بحث عمومی	B2 :: سیاست و جامعه
la politique publique	لا پُلیتیک پوبْلیک — سیاست عمومی	B2 :: سیاست و جامعه
la laïcité	لا لائیسیته — سکولاریسم	B2 :: سیاست و جامعه
les droits de l'homme	لِ دْروآ دُ لُم — حقوق بشر	B2 :: سیاست و جامعه
l'inégalité	لینِگالیته — نابرابری	B2 :: سیاست و جامعه
la discrimination	لا دیسکْریمیناسیُن — تبعیض	B2 :: سیاست و جامعه
l'exclusion	لِکسکْلوزیُن — طردشدگی	B2 :: سیاست و جامعه
l'intégration	لَنتِگْراسیُن — ادغام اجتماعی	B2 :: سیاست و جامعه
la cohésion sociale	لا کُئِزیُن سُسیال — انسجام اجتماعی	B2 :: سیاست و جامعه
le débat de société	لُ دِبا دُ سُسیِته — مناقشهٔ اجتماعی	B2 :: سیاست و جامعه
l'engagement	لانگاژْمان — تعهد اجتماعی	B2 :: سیاست و جامعه
l'économie	لِکُنُمی — اقتصاد	B2 :: اقتصاد و بازار کار
la croissance	لا کْروآسانس — رشد اقتصادی	B2 :: اقتصاد و بازار کار
la récession	لا رِسِسیُن — رکود	B2 :: اقتصاد و بازار کار
la crise	لا کْریز — بحران	B2 :: اقتصاد و بازار کار
l'inflation	لَنفْلاسیُن — تورم	B2 :: اقتصاد و بازار کار
le pouvoir d'achat	لُ پووووآر داشا — قدرت خرید	B2 :: اقتصاد و بازار کار
le marché	لُ مارشه — بازار	B2 :: اقتصاد و بازار کار
l'offre	لُفْر — عرضه	B2 :: اقتصاد و بازار کار
la demande	لا دُماند — تقاضا	B2 :: اقتصاد و بازار کار
la concurrence	لا کُنکورانس — رقابت	B2 :: اقتصاد و بازار کار
le concurrent	لُ کُنکوران — رقیب	B2 :: اقتصاد و بازار کار
l'investissement	لَنوِستیسْمان — سرمایه‌گذاری	B2 :: اقتصاد و بازار کار
l'investisseur	لَنوِستیسُر — سرمایه‌گذار	B2 :: اقتصاد و بازار کار
le bénéfice	لُ بِنِفیس — سود	B2 :: اقتصاد و بازار کار
la perte	لا پِرت — زیان	B2 :: اقتصاد و بازار کار
le chiffre d'affaires	لُ شیفْر دافِر — گردش مالی	B2 :: اقتصاد و بازار کار
l'entrepreneur	لانتْرُپْرُنُر — کارآفرین	B2 :: اقتصاد و بازار کار
la start-up	لا ستارت آپ — استارتاپ	B2 :: اقتصاد و بازار کار
la faillite	لا فایّیت — ورشکستگی	B2 :: اقتصاد و بازار کار
la dette publique	لا دِت پوبْلیک — بدهی دولتی	B2 :: اقتصاد و بازار کار
le budget de l'État	لُ بودژه دُ لِتا — بودجهٔ دولت	B2 :: اقتصاد و بازار کار
la fiscalité	لا فیسکالیته — نظام مالیاتی	B2 :: اقتصاد و بازار کار
le salaire minimum	لُ سالِر مینیمُم — حداقل دستمزد	B2 :: اقتصاد و بازار کار
la précarité	لا پْرِکاریته — بی‌ثباتی شغلی	B2 :: اقتصاد و بازار کار
le taux de chômage	لُ تُ دُ شُماژ — نرخ بیکاری	B2 :: اقتصاد و بازار کار
la main-d'œuvre	لا مَن دُوْر — نیروی کار	B2 :: اقتصاد و بازار کار
la délocalisation	لا دِلُکالیزاسیُن — انتقال تولید به خارج	B2 :: اقتصاد و بازار کار
la mondialisation	لا مُندیالیزاسیُن — جهانی‌شدن	B2 :: اقتصاد و بازار کار
l'exportation	لِکسپُرتاسیُن — صادرات	B2 :: اقتصاد و بازار کار
l'importation	لَنپُرتاسیُن — واردات	B2 :: اقتصاد و بازار کار
le secteur privé	لُ سِکتُر پْریوه — بخش خصوصی	B2 :: اقتصاد و بازار کار
le rendement	لُ راندُمان — بازدهی	B2 :: اقتصاد و بازار کار
la productivité	لا پْرُدوکتیویته — بهره‌وری	B2 :: اقتصاد و بازار کار
la justice	لا ژوستیس — دستگاه قضایی	B2 :: قانون و عدالت
le tribunal	لُ تْریبونال — دادگاه	B2 :: قانون و عدالت
le procès	لُ پْرُسِ — محاکمه	B2 :: قانون و عدالت
l'accusé	لاکوزه — متهم	B2 :: قانون و عدالت
l'accusation	لاکوزاسیُن — اتهام	B2 :: قانون و عدالت
la défense	لا دِفانس — دفاع	B2 :: قانون و عدالت
le témoignage	لُ تِمواینیاژ — شهادت	B2 :: قانون و عدالت
la preuve	لا پْرُو — مدرک اثبات	B2 :: قانون و عدالت
le verdict	لُ وِردیکت — حکم	B2 :: قانون و عدالت
la condamnation	لا کُندامناسیُن — محکومیت	B2 :: قانون و عدالت
l'acquittement	لاکیتْمان — تبرئه	B2 :: قانون و عدالت
la peine de prison	لا پِن دُ پْریزُن — حبس	B2 :: قانون و عدالت
le délit	لُ دِلی — جرم	B2 :: قانون و عدالت
le crime	لُ کْریم — جنایت	B2 :: قانون و عدالت
le criminel	لُ کْریمینِل — تبهکار	B2 :: قانون و عدالت
la victime	لا ویکتیم — قربانی	B2 :: قانون و عدالت
l'enquête	لانکِت — تحقیقات	B2 :: قانون و عدالت
l'avocat de la défense	لاووکا دُ لا دِفانس — وکیل مدافع	B2 :: قانون و عدالت
le procureur	لُ پْرُکورُر — دادستان	B2 :: قانون و عدالت
la loi	لا لوآ — قانون	B2 :: قانون و عدالت
le règlement	لُ رِگْلُمان — آیین‌نامه	B2 :: قانون و عدالت
la constitution	لا کُنستیتوسیُن — قانون اساسی	B2 :: قانون و عدالت
le contrat	لُ کُنتْرا — قرارداد	B2 :: قانون و عدالت
la responsabilité pénale	لا رِسپُنسابیلیته پِنال — مسئولیت کیفری	B2 :: قانون و عدالت
la présomption d'innocence	لا پْرِزُنپسیُن دینُسانس — اصل برائت	B2 :: قانون و عدالت
le recours	لُ رُکور — تجدیدنظرخواهی	B2 :: قانون و عدالت
l'appel	لاپِل — استیناف	B2 :: قانون و عدالت
la sanction	لا سانکسیُن — مجازات / تحریم	B2 :: قانون و عدالت
la corruption	لا کُروپسیُن — فساد	B2 :: قانون و عدالت
la fraude	لا فْرُد — کلاهبرداری	B2 :: قانون و عدالت
le litige	لُ لیتیژ — دعوای حقوقی	B2 :: قانون و عدالت
l'impunité	لَنپونیته — معافیت از مجازات	B2 :: قانون و عدالت
la science	لا سیانس — علم	B2 :: علم و پژوهش
le chercheur	لُ شِرشُر — پژوهشگر	B2 :: علم و پژوهش
le laboratoire	لُ لابُراتوآر — آزمایشگاه	B2 :: علم و پژوهش
l'expérience	لِکسپِریانس — آزمایش	B2 :: علم و پژوهش
l'hypothèse	لیپُتِز — فرضیه	B2 :: علم و پژوهش
la théorie	لا تِئُری — نظریه	B2 :: علم و پژوهش
la preuve scientifique	لا پْرُو سیانتیفیک — شواهد علمی	B2 :: علم و پژوهش
la découverte	لا دِکووِرت — کشف	B2 :: علم و پژوهش
l'invention	لَنوانسیُن — اختراع	B2 :: علم و پژوهش
le brevet	لُ بْرُوه — ثبت اختراع	B2 :: علم و پژوهش
l'innovation	لینُواسیُن — نوآوری	B2 :: علم و پژوهش
la méthode	لا مِتُد — روش	B2 :: علم و پژوهش
l'analyse	لانالیز — تحلیل	B2 :: علم و پژوهش
les données	لِ دُنه — داده‌ها	B2 :: علم و پژوهش
l'échantillon	لِشانتیُن — نمونهٔ آماری	B2 :: علم و پژوهش
le résultat	لُ رِزولتا — نتیجه	B2 :: علم و پژوهش
la conclusion	لا کُنکْلوزیُن — نتیجه‌گیری	B2 :: علم و پژوهش
la publication	لا پوبْلیکاسیُن — مقالهٔ منتشرشده	B2 :: علم و پژوهش
la revue scientifique	لا رُوو سیانتیفیک — نشریهٔ علمی	B2 :: علم و پژوهش
la biologie	لا بیُلُژی — زیست‌شناسی	B2 :: علم و پژوهش
la chimie	لا شیمی — شیمی	B2 :: علم و پژوهش
la physique	لا فیزیک — فیزیک	B2 :: علم و پژوهش
les mathématiques	لِ ماتِماتیک — ریاضیات	B2 :: علم و پژوهش
la génétique	لا ژِنِتیک — ژنتیک	B2 :: علم و پژوهش
le vaccin	لُ واکسَن — واکسن	B2 :: علم و پژوهش
le traitement expérimental	لُ تْرِتْمان اِکسپِریمانتال — درمان آزمایشی	B2 :: علم و پژوهش
l'espace	لِسپاس — فضا	B2 :: علم و پژوهش
le satellite	لُ ساتِلیت — ماهواره	B2 :: علم و پژوهش
l'univers	لونیوِر — کیهان	B2 :: علم و پژوهش
le progrès scientifique	لُ پْرُگْرِ سیانتیفیک — پیشرفت علمی	B2 :: علم و پژوهش
l'éthique	لِتیک — اخلاق حرفه‌ای	B2 :: علم و پژوهش
la vulgarisation	لا وولگاریزاسیُن — همه‌فهم‌سازی علم	B2 :: علم و پژوهش
l'intelligence artificielle	لَنتِلیژانس آرتیفیسیِل — هوش مصنوعی	B2 :: فناوری پیشرفته
l'apprentissage automatique	لاپْرانتیساژ اُتُماتیک — یادگیری ماشین	B2 :: فناوری پیشرفته
l'automatisation	لُتُماتیزاسیُن — خودکارسازی	B2 :: فناوری پیشرفته
la robotique	لا رُبُتیک — رباتیک	B2 :: فناوری پیشرفته
le traitement des données	لُ تْرِتْمان دِ دُنه — پردازش داده	B2 :: فناوری پیشرفته
la cybersécurité	لا سیبِرسِکوریته — امنیت سایبری	B2 :: فناوری پیشرفته
la surveillance	لا سورْوِیانس — پایش / نظارت	B2 :: فناوری پیشرفته
la reconnaissance faciale	لا رُکُنِسانس فاسیال — تشخیص چهره	B2 :: فناوری پیشرفته
l'anonymat	لانُنیما — ناشناس‌بودن	B2 :: فناوری پیشرفته
le consentement	لُ کُنسانتُمان — رضایت آگاهانه	B2 :: فناوری پیشرفته
la transparence	لا تْرانسپارانس — شفافیت	B2 :: فناوری پیشرفته
le biais	لُ بیِ — سوگیری	B2 :: فناوری پیشرفته
la fiabilité	لا فیابیلیته — قابلیت اطمینان	B2 :: فناوری پیشرفته
la panne informatique	لا پان اَنفُرماتیک — خرابی رایانه‌ای	B2 :: فناوری پیشرفته
le piratage informatique	لُ پیراتاژ اَنفُرماتیک — هک	B2 :: فناوری پیشرفته
les réseaux sociaux	لِ رِزُ سُسیُ — شبکه‌های اجتماعی	B2 :: فناوری پیشرفته
la désinformation	لا دِزَنفُرماسیُن — اطلاعات نادرست	B2 :: فناوری پیشرفته
les fausses informations	لِ فُس اَنفُرماسیُن — اخبار جعلی	B2 :: فناوری پیشرفته
l'addiction numérique	لادیکسیُن نومِریک — اعتیاد دیجیتال	B2 :: فناوری پیشرفته
la fracture numérique	لا فْراکتور نومِریک — شکاف دیجیتال	B2 :: فناوری پیشرفته
l'innovation technologique	لینُواسیُن تِکنُلُژیک — نوآوری فناورانه	B2 :: فناوری پیشرفته
la voiture autonome	لا وواتور اُتُنُم — خودروی خودران	B2 :: فناوری پیشرفته
l'objet connecté	لُبژه کُنِکته — شیء متصل	B2 :: فناوری پیشرفته
le stockage	لُ ستُکاژ — ذخیره‌سازی	B2 :: فناوری پیشرفته
le serveur	لُ سِروُر — سرور	B2 :: فناوری پیشرفته
la programmation	لا پْرُگْراماسیُن — برنامه‌نویسی	B2 :: فناوری پیشرفته
le développeur	لُ دِوُلُپُر — توسعه‌دهنده	B2 :: فناوری پیشرفته
l'interface	لَنتِرفاس — رابط کاربری	B2 :: فناوری پیشرفته
le prototype	لُ پْرُتُتیپ — نمونهٔ اولیه	B2 :: فناوری پیشرفته
la mise en œuvre	لا میز آن نُوْر — اجرا / پیاده‌سازی	B2 :: فناوری پیشرفته
le changement climatique	لُ شانژْمان کْلیماتیک — تغییر اقلیم	B2 :: محیط زیست و اقلیم
les émissions de CO2	لِ زِمیسیُن دُ سه او دُ — انتشار کربن	B2 :: محیط زیست و اقلیم
la neutralité carbone	لا نُتْرالیته کاربُن — خنثایی کربن	B2 :: محیط زیست و اقلیم
la transition énergétique	لا تْرانزیسیُن اِنِرژِتیک — گذار انرژی	B2 :: محیط زیست و اقلیم
les énergies fossiles	لِ زِنِرژی فُسیل — سوخت‌های فسیلی	B2 :: محیط زیست و اقلیم
le nucléaire	لُ نوکْلِئِر — انرژی هسته‌ای	B2 :: محیط زیست و اقلیم
la consommation	لا کُنسُماسیُن — مصرف	B2 :: محیط زیست و اقلیم
le gaspillage	لُ گاسپیاژ — اتلاف	B2 :: محیط زیست و اقلیم
la surconsommation	لا سورکُنسُماسیُن — مصرف افراطی	B2 :: محیط زیست و اقلیم
le développement durable	لُ دِوُلُپْمان دورابْل — توسعهٔ پایدار	B2 :: محیط زیست و اقلیم
l'écosystème	لِکُسیستِم — بوم‌سازگان	B2 :: محیط زیست و اقلیم
la disparition des espèces	لا دیسپاریسیُن دِ زِسپِس — انقراض گونه‌ها	B2 :: محیط زیست و اقلیم
la déforestation	لا دِفُرِستاسیُن — جنگل‌زدایی	B2 :: محیط زیست و اقلیم
la pollution de l'air	لا پُلوسیُن دُ لِر — آلودگی هوا	B2 :: محیط زیست و اقلیم
les particules fines	لِ پارتیکول فین — ذرات معلق	B2 :: محیط زیست و اقلیم
la canicule	لا کانیکول — موج گرما	B2 :: محیط زیست و اقلیم
la catastrophe naturelle	لا کاتاستْرُف ناتورِل — بلای طبیعی	B2 :: محیط زیست و اقلیم
la montée des eaux	لا مُنته دِ زُ — بالا آمدن سطح آب	B2 :: محیط زیست و اقلیم
la fonte des glaciers	لا فُنت دِ گْلاسیه — آب شدن یخچال‌ها	B2 :: محیط زیست و اقلیم
l'agriculture biologique	لاگْریکولتور بیُلُژیک — کشاورزی ارگانیک	B2 :: محیط زیست و اقلیم
le pesticide	لُ پِستیسید — آفت‌کش	B2 :: محیط زیست و اقلیم
le circuit court	لُ سیرکویی کور — زنجیرهٔ تأمین کوتاه	B2 :: محیط زیست و اقلیم
le zéro déchet	لُ زِرُ دِشه — بدون پسماند	B2 :: محیط زیست و اقلیم
la sobriété	لا سُبْری‌یِته — کم‌مصرفی	B2 :: محیط زیست و اقلیم
l'empreinte écologique	لانپْرَنت اِکُلُژیک — ردپای بوم‌شناختی	B2 :: محیط زیست و اقلیم
la sensibilisation	لا سانسیبیلیزاسیُن — آگاهی‌بخشی	B2 :: محیط زیست و اقلیم
l'accord de Paris	لاکُر دُ پاری — توافق پاریس	B2 :: محیط زیست و اقلیم
le militant écologiste	لُ میلیتان اِکُلُژیست — کنشگر محیط‌زیست	B2 :: محیط زیست و اقلیم
la contrainte	لا کُنتْرَنت — محدودیت	B2 :: محیط زیست و اقلیم
l'enjeu	لانژُ — موضوع کلیدی / چالش	B2 :: محیط زیست و اقلیم
le traitement médiatique	لُ تْرِتْمان مِدیاتیک — پوشش رسانه‌ای	B2 :: رسانه و افکار عمومی
la couverture	لا کووِرتور — پوشش خبری	B2 :: رسانه و افکار عمومی
le point de vue	لُ پوَن دُ وو — دیدگاه	B2 :: رسانه و افکار عمومی
le parti pris	لُ پارتی پْری — جانبداری	B2 :: رسانه و افکار عمومی
l'objectivité	لُبژِکتیویته — بی‌طرفی	B2 :: رسانه و افکار عمومی
la subjectivité	لا سوبژِکتیویته — ذهنیت‌گرایی	B2 :: رسانه و افکار عمومی
la crédibilité	لا کْرِدیبیلیته — اعتبار	B2 :: رسانه و افکار عمومی
la manipulation	لا مانیپولاسیُن — دستکاری افکار	B2 :: رسانه و افکار عمومی
l'influence	لَنفْلوآنس — نفوذ	B2 :: رسانه و افکار عمومی
l'influenceur	لَنفْلوآنسُر — اینفلوئنسر	B2 :: رسانه و افکار عمومی
le buzz	لُ بوز — سروصدای رسانه‌ای	B2 :: رسانه و افکار عمومی
la polémique	لا پُلِمیک — جدل	B2 :: رسانه و افکار عمومی
le débat contradictoire	لُ دِبا کُنتْرادیکتوآر — مناظره	B2 :: رسانه و افکار عمومی
l'éditorial	لِدیتُریال — سرمقاله	B2 :: رسانه و افکار عمومی
la tribune	لا تْریبون — یادداشت مهمان	B2 :: رسانه و افکار عمومی
le communiqué	لُ کُمونیکه — بیانیه	B2 :: رسانه و افکار عمومی
la conférence de presse	لا کُنفِرانس دُ پْرِس — نشست خبری	B2 :: رسانه و افکار عمومی
le porte-parole	لُ پُرت پارُل — سخنگو	B2 :: رسانه و افکار عمومی
la déontologie	لا دِئُنتُلُژی — اخلاق حرفه‌ای	B2 :: رسانه و افکار عمومی
la source anonyme	لا سورس آنُنیم — منبع ناشناس	B2 :: رسانه و افکار عمومی
l'enquête journalistique	لانکِت ژورنالیستیک — تحقیق خبری	B2 :: رسانه و افکار عمومی
le lanceur d'alerte	لُ لانسُر دالِرت — افشاگر	B2 :: رسانه و افکار عمومی
le stéréotype	لُ ستِرِئُتیپ — کلیشه	B2 :: رسانه و افکار عمومی
le cliché	لُ کْلیشه — تصور کلیشه‌ای	B2 :: رسانه و افکار عمومی
la caricature	لا کاریکاتور — کاریکاتور	B2 :: رسانه و افکار عمومی
le sondage d'opinion	لُ سُنداژ دُپینیُن — نظرسنجی	B2 :: رسانه و افکار عمومی
la tendance	لا تاندانس — روند	B2 :: رسانه و افکار عمومی
le pluralisme	لُ پْلورالیسم — تکثرگرایی	B2 :: رسانه و افکار عمومی
la vulgarisation	لا وولگاریزاسیُن — ساده‌سازی برای همه	B2 :: رسانه و افکار عمومی
le décryptage	لُ دِکْریپتاژ — رمزگشایی / تحلیل	B2 :: رسانه و افکار عمومی
le comportement	لُ کُنپُرتُمان — رفتار	B2 :: روان‌شناسی و رفتار
la personnalité	لا پِرسُنالیته — شخصیت	B2 :: روان‌شناسی و رفتار
la motivation	لا مُتیواسیُن — انگیزه	B2 :: روان‌شناسی و رفتار
l'estime de soi	لِستیم دُ سوآ — عزت نفس	B2 :: روان‌شناسی و رفتار
la confiance en soi	لا کُنفیانس آن سوآ — اعتمادبه‌نفس	B2 :: روان‌شناسی و رفتار
le complexe	لُ کُنپْلِکس — عقده	B2 :: روان‌شناسی و رفتار
le traumatisme	لُ تْرُماتیسم — آسیب روانی	B2 :: روان‌شناسی و رفتار
le deuil	لُ دُی — سوگ	B2 :: روان‌شناسی و رفتار
la culpabilité	لا کولپابیلیته — احساس گناه	B2 :: روان‌شناسی و رفتار
la frustration	لا فْروستْراسیُن — سرخوردگی	B2 :: روان‌شناسی و رفتار
l'angoisse	لانگوآس — دلشوره	B2 :: روان‌شناسی و رفتار
le burn-out	لُ بورن اَوت — فرسودگی شغلی	B2 :: روان‌شناسی و رفتار
la thérapie	لا تِراپی — روان‌درمانی	B2 :: روان‌شناسی و رفتار
le psychologue	لُ پسیکُلُگ — روان‌شناس	B2 :: روان‌شناسی و رفتار
le psychiatre	لُ پسیشیاتْر — روان‌پزشک	B2 :: روان‌شناسی و رفتار
l'inconscient	لَنکُنسیان — ناخودآگاه	B2 :: روان‌شناسی و رفتار
le souvenir	لُ سووُنیر — خاطره	B2 :: روان‌شناسی و رفتار
la perception	لا پِرسِپسیُن — ادراک	B2 :: روان‌شناسی و رفتار
l'attention	لاتانسیُن — توجه	B2 :: روان‌شناسی و رفتار
la concentration	لا کُنسانتْراسیُن — تمرکز	B2 :: روان‌شناسی و رفتار
l'empathie	لانپاتی — همدلی	B2 :: روان‌شناسی و رفتار
l'égoïsme	لِگُئیسم — خودخواهی	B2 :: روان‌شناسی و رفتار
l'altruisme	لالتْروئیسم — دگرخواهی	B2 :: روان‌شناسی و رفتار
la sociabilité	لا سُسیابیلیته — معاشرت‌پذیری	B2 :: روان‌شناسی و رفتار
l'isolement	لیزُلْمان — انزوا	B2 :: روان‌شناسی و رفتار
la dépendance affective	لا دِپاندانس آفِکتیو — وابستگی عاطفی	B2 :: روان‌شناسی و رفتار
le conditionnement	لُ کُندیسیُنْمان — شرطی‌سازی	B2 :: روان‌شناسی و رفتار
la résilience	لا رِزیلیانس — تاب‌آوری	B2 :: روان‌شناسی و رفتار
le développement personnel	لُ دِوُلُپْمان پِرسُنِل — رشد فردی	B2 :: روان‌شناسی و رفتار
le mécanisme de défense	لُ مِکانیسم دُ دِفانس — سازوکار دفاعی	B2 :: روان‌شناسی و رفتار
le système éducatif	لُ سیستِم اِدوکاتیف — نظام آموزشی	B2 :: آموزش و جامعهٔ دانش
l'enseignement	لانسِنیْمان — تدریس	B2 :: آموزش و جامعهٔ دانش
l'enseignant	لانسِنیان — آموزگار	B2 :: آموزش و جامعهٔ دانش
la pédagogie	لا پِداگُژی — آموزش‌شناسی	B2 :: آموزش و جامعهٔ دانش
le programme scolaire	لُ پْرُگْرام سکُلِر — برنامهٔ درسی	B2 :: آموزش و جامعهٔ دانش
l'évaluation	لِوالوآسیُن — ارزیابی	B2 :: آموزش و جامعهٔ دانش
la note éliminatoire	لا نُت اِلیمیناتوآر — نمرهٔ حذفی	B2 :: آموزش و جامعهٔ دانش
le décrochage scolaire	لُ دِکْرُشاژ سکُلِر — ترک تحصیل	B2 :: آموزش و جامعهٔ دانش
l'échec scolaire	لِشِک سکُلِر — افت تحصیلی	B2 :: آموزش و جامعهٔ دانش
la réussite	لا رِئوسیت — موفقیت	B2 :: آموزش و جامعهٔ دانش
l'égalité des chances	لِگالیته دِ شانس — برابری فرصت‌ها	B2 :: آموزش و جامعهٔ دانش
la sélection	لا سِلِکسیُن — گزینش	B2 :: آموزش و جامعهٔ دانش
le concours	لُ کُنکور — آزمون ورودی	B2 :: آموزش و جامعهٔ دانش
la filière	لا فیلی‌یِر — رشتهٔ تحصیلی	B2 :: آموزش و جامعهٔ دانش
l'orientation	لُریانتاسیُن — هدایت تحصیلی	B2 :: آموزش و جامعهٔ دانش
la formation continue	لا فُرماسیُن کُنتینو — آموزش مداوم	B2 :: آموزش و جامعهٔ دانش
l'autonomie	لُتُنُمی — خودگردانی	B2 :: آموزش و جامعهٔ دانش
l'esprit critique	لِسپْری کْریتیک — تفکر انتقادی	B2 :: آموزش و جامعهٔ دانش
la culture générale	لا کولتور ژِنِرال — دانش عمومی	B2 :: آموزش و جامعهٔ دانش
l'illettrisme	لیلِتْریسم — بی‌سوادی	B2 :: آموزش و جامعهٔ دانش
la mixité	لا میکسیته — اختلاط جنسیتی	B2 :: آموزش و جامعهٔ دانش
le harcèlement scolaire	لُ آرسِلْمان سکُلِر — قلدری در مدرسه	B2 :: آموزش و جامعهٔ دانش
la discipline	لا دیسیپْلین — انضباط	B2 :: آموزش و جامعهٔ دانش
le savoir-faire	لُ ساووآر فِر — مهارت عملی	B2 :: آموزش و جامعهٔ دانش
le savoir-être	لُ ساووآر اِتْر — مهارت رفتاری	B2 :: آموزش و جامعهٔ دانش
la compétence transversale	لا کُنپِتانس تْرانسوِرسال — مهارت میان‌رشته‌ای	B2 :: آموزش و جامعهٔ دانش
l'université publique	لونیوِرسیته پوبْلیک — دانشگاه دولتی	B2 :: آموزش و جامعهٔ دانش
les frais de scolarité	لِ فْرِ دُ سکُلاریته — شهریه	B2 :: آموزش و جامعهٔ دانش
le diplômé	لُ دیپْلُمه — دانش‌آموخته	B2 :: آموزش و جامعهٔ دانش
l'insertion professionnelle	لَنسِرسیُن پْرُفِسیُنِل — ورود به بازار کار	B2 :: آموزش و جامعهٔ دانش
l'immigration	لیمیگْراسیُن — مهاجرت به کشور	B2 :: مهاجرت و جهانی‌شدن
l'émigration	لِمیگْراسیُن — مهاجرت از کشور	B2 :: مهاجرت و جهانی‌شدن
l'immigré	لیمیگْره — مهاجر	B2 :: مهاجرت و جهانی‌شدن
le réfugié	لُ رِفوژیه — پناهنده	B2 :: مهاجرت و جهانی‌شدن
le demandeur d'asile	لُ دُماندُر دازیل — پناه‌جو	B2 :: مهاجرت و جهانی‌شدن
l'exil	لِگزیل — تبعید	B2 :: مهاجرت و جهانی‌شدن
la diaspora	لا دیاسپُرا — دیاسپورا	B2 :: مهاجرت و جهانی‌شدن
le pays d'accueil	لُ پِیی داکُی — کشور میزبان	B2 :: مهاجرت و جهانی‌شدن
le pays d'origine	لُ پِیی دُریژین — کشور مبدأ	B2 :: مهاجرت و جهانی‌شدن
l'intégration	لَنتِگْراسیُن — همگرایی اجتماعی	B2 :: مهاجرت و جهانی‌شدن
l'assimilation	لاسیمیلاسیُن — همانندسازی	B2 :: مهاجرت و جهانی‌شدن
le déracinement	لُ دِراسینْمان — ریشه‌کن‌شدگی	B2 :: مهاجرت و جهانی‌شدن
le choc culturel	لُ شُک کولتورِل — شوک فرهنگی	B2 :: مهاجرت و جهانی‌شدن
le métissage	لُ مِتیساژ — آمیختگی فرهنگی	B2 :: مهاجرت و جهانی‌شدن
la diversité	لا دیوِرسیته — گوناگونی	B2 :: مهاجرت و جهانی‌شدن
le multiculturalisme	لُ مولتیکولتورالیسم — چندفرهنگی‌گرایی	B2 :: مهاجرت و جهانی‌شدن
le racisme	لُ راسیسم — نژادپرستی	B2 :: مهاجرت و جهانی‌شدن
la xénophobie	لا گزِنُفُبی — بیگانه‌هراسی	B2 :: مهاجرت و جهانی‌شدن
la tolérance	لا تُلِرانس — مدارا	B2 :: مهاجرت و جهانی‌شدن
l'accueil	لاکُی — پذیرش	B2 :: مهاجرت و جهانی‌شدن
le permis de séjour	لُ پِرمی دُ سِژور — اجازهٔ اقامت	B2 :: مهاجرت و جهانی‌شدن
la régularisation	لا رِگولاریزاسیُن — قانونی‌سازی وضعیت	B2 :: مهاجرت و جهانی‌شدن
le sans-papiers	لُ سان پاپیه — فاقد مدارک	B2 :: مهاجرت و جهانی‌شدن
l'expulsion	لِکسپولسیُن — اخراج از کشور	B2 :: مهاجرت و جهانی‌شدن
la frontière	لا فْرُنتی‌یِر — مرز	B2 :: مهاجرت و جهانی‌شدن
le passeur	لُ پاسُر — قاچاقچی انسان	B2 :: مهاجرت و جهانی‌شدن
la fuite des cerveaux	لا فویت دِ سِروُ — فرار مغزها	B2 :: مهاجرت و جهانی‌شدن
l'échange culturel	لِشانژ کولتورِل — تبادل فرهنگی	B2 :: مهاجرت و جهانی‌شدن
le déplacement de population	لُ دِپْلاسْمان دُ پُپولاسیُن — جابه‌جایی جمعیت	B2 :: مهاجرت و جهانی‌شدن
l'identité	لیدانتیته — هویت	B2 :: مهاجرت و جهانی‌شدن
l'esthétique	لِستِتیک — زیبایی‌شناسی	B2 :: هنر، ادبیات و اندیشه
le style	لُ ستیل — سبک	B2 :: هنر، ادبیات و اندیشه
le genre littéraire	لُ ژانْر لیتِرِر — گونهٔ ادبی	B2 :: هنر، ادبیات و اندیشه
le récit	لُ رِسی — روایت	B2 :: هنر، ادبیات و اندیشه
la nouvelle	لا نوووِل — داستان کوتاه	B2 :: هنر، ادبیات و اندیشه
l'intrigue	لَنتْریگ — پیرنگ	B2 :: هنر، ادبیات و اندیشه
le personnage	لُ پِرسُناژ — شخصیت داستانی	B2 :: هنر، ادبیات و اندیشه
le narrateur	لُ ناراتُر — راوی	B2 :: هنر، ادبیات و اندیشه
la métaphore	لا مِتافُر — استعاره	B2 :: هنر، ادبیات و اندیشه
le symbole	لُ سَنبُل — نماد	B2 :: هنر، ادبیات و اندیشه
l'ironie	لیرُنی — طنز تلخ	B2 :: هنر، ادبیات و اندیشه
la satire	لا ساتیر — هجو	B2 :: هنر، ادبیات و اندیشه
le chef-d'œuvre	لُ شِف دُوْر — شاهکار	B2 :: هنر، ادبیات و اندیشه
le courant artistique	لُ کوران آرتیستیک — جریان هنری	B2 :: هنر، ادبیات و اندیشه
le romantisme	لُ رُمانتیسم — رمانتیسم	B2 :: هنر، ادبیات و اندیشه
le réalisme	لُ رِئالیسم — رئالیسم	B2 :: هنر، ادبیات و اندیشه
le surréalisme	لُ سورِئالیسم — سوررئالیسم	B2 :: هنر، ادبیات و اندیشه
l'avant-garde	لاوان گارد — پیشتاز هنری	B2 :: هنر، ادبیات و اندیشه
la philosophie	لا فیلُزُفی — فلسفه	B2 :: هنر، ادبیات و اندیشه
la pensée	لا پانسه — اندیشه	B2 :: هنر، ادبیات و اندیشه
le raisonnement	لُ رِزُنْمان — استدلال	B2 :: هنر، ادبیات و اندیشه
la logique	لا لُژیک — منطق	B2 :: هنر، ادبیات و اندیشه
le paradoxe	لُ پارادُکس — تناقض‌نما	B2 :: هنر، ادبیات و اندیشه
la contradiction	لا کُنتْرادیکسیُن — تناقض	B2 :: هنر، ادبیات و اندیشه
l'interprétation	لَنتِرپْرِتاسیُن — تفسیر	B2 :: هنر، ادبیات و اندیشه
la signification	لا سینیفیکاسیُن — معنا	B2 :: هنر، ادبیات و اندیشه
la référence	لا رِفِرانس — ارجاع	B2 :: هنر، ادبیات و اندیشه
l'influence	لَنفْلوآنس — تأثیرپذیری	B2 :: هنر، ادبیات و اندیشه
l'héritage culturel	لِریتاژ کولتورِل — میراث فرهنگی	B2 :: هنر، ادبیات و اندیشه
la censure artistique	لا سانسور آرتیستیک — سانسور هنری	B2 :: هنر، ادبیات و اندیشه
aborder	آبُرده — پرداختن به موضوع	B2 :: فعل‌های سطح پیشرفته
souligner	سولینیه — برجسته کردن	B2 :: فعل‌های سطح پیشرفته
mettre en évidence	مِتْر آن نِویدانس — آشکار ساختن	B2 :: فعل‌های سطح پیشرفته
constater	کُنستاته — مشاهده و ثبت کردن	B2 :: فعل‌های سطح پیشرفته
affirmer	آفیرمه — تأکید کردن	B2 :: فعل‌های سطح پیشرفته
nier	نیه — انکار کردن	B2 :: فعل‌های سطح پیشرفته
contester	کُنتِسته — به چالش کشیدن	B2 :: فعل‌های سطح پیشرفته
nuancer	نوآنسه — ظرافت قائل شدن	B2 :: فعل‌های سطح پیشرفته
relativiser	رُلاتیویزه — نسبی دیدن	B2 :: فعل‌های سطح پیشرفته
généraliser	ژِنِرالیزه — تعمیم دادن	B2 :: فعل‌های سطح پیشرفته
approfondir	آپْرُفُندیر — ژرف‌تر بررسی کردن	B2 :: فعل‌های سطح پیشرفته
envisager	آنویزاژه — در نظر گرفتن	B2 :: فعل‌های سطح پیشرفته
entreprendre	آنتْرُپْراندْر — دست به کاری زدن	B2 :: فعل‌های سطح پیشرفته
mener	مُنه — هدایت کردن / انجام دادن	B2 :: فعل‌های سطح پیشرفته
aboutir	آبوتیر — به نتیجه رسیدن	B2 :: فعل‌های سطح پیشرفته
renoncer	رُنُنسه — چشم‌پوشی کردن	B2 :: فعل‌های سطح پیشرفته
surmonter	سورمُنته — بر چیزی غلبه کردن	B2 :: فعل‌های سطح پیشرفته
subir	سوبیر — متحمل شدن	B2 :: فعل‌های سطح پیشرفته
supporter	سوپُرته — تحمل کردن	B2 :: فعل‌های سطح پیشرفته
assumer	آسومه — بر عهده گرفتن	B2 :: فعل‌های سطح پیشرفته
bénéficier de	بِنِفیسیه دُ — بهره‌مند شدن از	B2 :: فعل‌های سطح پیشرفته
contribuer à	کُنتْریبوئه آ — سهم داشتن در	B2 :: فعل‌های سطح پیشرفته
dépendre de	دِپاندْر دُ — وابسته بودن به	B2 :: فعل‌های سطح پیشرفته
s'appuyer sur	ساپویه سور — تکیه کردن بر	B2 :: فعل‌های سطح پیشرفته
découler de	دِکوله دُ — ناشی شدن از	B2 :: فعل‌های سطح پیشرفته
entraîner	آنتْرِنه — به دنبال داشتن	B2 :: فعل‌های سطح پیشرفته
provoquer	پْرُوُکه — برانگیختن	B2 :: فعل‌های سطح پیشرفته
susciter	سوسیته — پدید آوردن	B2 :: فعل‌های سطح پیشرفته
favoriser	فاوُریزه — تقویت کردن	B2 :: فعل‌های سطح پیشرفته
freiner	فْرِنه — کند کردن	B2 :: فعل‌های سطح پیشرفته
accroître	آکْروآتْر — افزودن	B2 :: فعل‌های سطح پیشرفته
réduire	رِدویر — کاستن	B2 :: فعل‌های سطح پیشرفته
préconiser	پْرِکُنیزه — توصیه کردن	B2 :: فعل‌های سطح پیشرفته
dénoncer	دِنُنسه — افشا کردن	B2 :: فعل‌های سطح پیشرفته
faire face à	فِر فاس آ — رویارویی کردن با	B2 :: فعل‌های سطح پیشرفته
pertinent	پِرتینان — مرتبط و بجا	B2 :: صفت‌ها و توصیف‌های دقیق
crucial	کْروسیال — سرنوشت‌ساز	B2 :: صفت‌ها و توصیف‌های دقیق
majeur	ماژُر — عمده	B2 :: صفت‌ها و توصیف‌های دقیق
mineur	مینُر — جزئی	B2 :: صفت‌ها و توصیف‌های دقیق
considérable	کُنسیدِرابْل — چشمگیر	B2 :: صفت‌ها و توصیف‌های دقیق
négligeable	نِگْلیژابْل — ناچیز	B2 :: صفت‌ها و توصیف‌های دقیق
ambigu	آنبیگو — دوپهلو	B2 :: صفت‌ها و توصیف‌های دقیق
subtil	سوبتیل — ظریف	B2 :: صفت‌ها و توصیف‌های دقیق
radical	رادیکال — بنیادی / تندرو	B2 :: صفت‌ها و توصیف‌های دقیق
modéré	مُدِره — میانه‌رو	B2 :: صفت‌ها و توصیف‌های دقیق
controversé	کُنتْرُوِرسه — بحث‌برانگیز	B2 :: صفت‌ها و توصیف‌های دقیق
discutable	دیسکوتابْل — قابل بحث	B2 :: صفت‌ها و توصیف‌های دقیق
incontestable	اَنکُنتِستابْل — بی‌چون‌وچرا	B2 :: صفت‌ها و توصیف‌های دقیق
cohérent	کُئِران — منسجم	B2 :: صفت‌ها و توصیف‌های دقیق
incohérent	اَنکُئِران — نامنسجم	B2 :: صفت‌ها و توصیف‌های دقیق
rigoureux	ریگورُ — دقیق و سخت‌گیر	B2 :: صفت‌ها و توصیف‌های دقیق
approximatif	آپْرُکسیماتیف — تقریبی	B2 :: صفت‌ها و توصیف‌های دقیق
exhaustif	اِگزُستیف — جامع	B2 :: صفت‌ها و توصیف‌های دقیق
partiel	پارسیِل — جزئی / ناقص	B2 :: صفت‌ها و توصیف‌های دقیق
systématique	سیستِماتیک — نظام‌مند	B2 :: صفت‌ها و توصیف‌های دقیق
progressif	پْرُگْرِسیف — تدریجی	B2 :: صفت‌ها و توصیف‌های دقیق
soudain	سودَن — ناگهانی	B2 :: صفت‌ها و توصیف‌های دقیق
durable	دورابْل — ماندگار	B2 :: صفت‌ها و توصیف‌های دقیق
provisoire	پْرُویزوآر — موقت	B2 :: صفت‌ها و توصیف‌های دقیق
inévitable	اینِویتابْل — اجتناب‌ناپذیر	B2 :: صفت‌ها و توصیف‌های دقیق
imprévisible	اَنپْرِویزیبْل — پیش‌بینی‌ناپذیر	B2 :: صفت‌ها و توصیف‌های دقیق
préoccupant	پْرِئُکوپان — نگران‌کننده	B2 :: صفت‌ها و توصیف‌های دقیق
prometteur	پْرُمِتُر — امیدبخش	B2 :: صفت‌ها و توصیف‌های دقیق
bénéfique	بِنِفیک — سودمند	B2 :: صفت‌ها و توصیف‌های دقیق
nuisible	نویزیبْل — زیان‌آور	B2 :: صفت‌ها و توصیف‌های دقیق
répandu	رِپاندو — رایج	B2 :: صفت‌ها و توصیف‌های دقیق
marginal	مارژینال — حاشیه‌ای	B2 :: صفت‌ها و توصیف‌های دقیق
en ce qui concerne	آن سُ کی کُنسِرن — در خصوصِ	B2 :: پیوندواژه‌های پیشرفته
quant à	کان تا — اما در مورد	B2 :: پیوندواژه‌های پیشرفته
dans la mesure où	دان لا مُزور او — تا آنجا که	B2 :: پیوندواژه‌های پیشرفته
étant donné que	اِتان دُنه کُ — با توجه به اینکه	B2 :: پیوندواژه‌های پیشرفته
compte tenu de	کُنت تُنو دُ — با در نظر گرفتنِ	B2 :: پیوندواژه‌های پیشرفته
du fait que	دو فِ کُ — از آنجا که	B2 :: پیوندواژه‌های پیشرفته
de sorte que	دُ سُرت کُ — به‌گونه‌ای که	B2 :: پیوندواژه‌های پیشرفته
afin que	آفَن کُ — برای اینکه	B2 :: پیوندواژه‌های پیشرفته
pourvu que	پورْوو کُ — به شرط آنکه	B2 :: پیوندواژه‌های پیشرفته
à condition que	آ کُندیسیُن کُ — مشروط بر اینکه	B2 :: پیوندواژه‌های پیشرفته
à moins que	آ مُن کُ — مگر اینکه	B2 :: پیوندواژه‌های پیشرفته
bien que	بی‌یَن کُ — هرچند	B2 :: پیوندواژه‌های پیشرفته
quoique	کوآکُ — با اینکه	B2 :: پیوندواژه‌های پیشرفته
même si	مِم سی — حتی اگر	B2 :: پیوندواژه‌های پیشرفته
tandis que	تاندی کُ — در حالی که	B2 :: پیوندواژه‌های پیشرفته
alors que	آلُر کُ — حال آنکه	B2 :: پیوندواژه‌های پیشرفته
au lieu de	اُ لیُ دُ — به‌جای	B2 :: پیوندواژه‌های پیشرفته
loin de	لْوَن دُ — به‌دور از	B2 :: پیوندواژه‌های پیشرفته
non seulement... mais aussi	نُن سُلْمان... مِ زُسی — نه‌تنها... بلکه	B2 :: پیوندواژه‌های پیشرفته
d'autant plus que	دُتان پْلو کُ — به‌ویژه که	B2 :: پیوندواژه‌های پیشرفته
en revanche	آن رُوانش — در مقابل	B2 :: پیوندواژه‌های پیشرفته
toutefois	توتُفوآ — با این همه	B2 :: پیوندواژه‌های پیشرفته
néanmoins	نِئانموَن — با وجود این	B2 :: پیوندواژه‌های پیشرفته
par ailleurs	پار آیُر — از سوی دیگر	B2 :: پیوندواژه‌های پیشرفته
en outre	آن نوتْر — افزون بر آن	B2 :: پیوندواژه‌های پیشرفته
de plus	دُ پْلوس — به‌علاوه	B2 :: پیوندواژه‌های پیشرفته
en somme	آن سُم — روی‌هم‌رفته	B2 :: پیوندواژه‌های پیشرفته
en définitive	آن دِفینیتیو — در نهایت	B2 :: پیوندواژه‌های پیشرفته
force est de constater	فُرس اِ دُ کُنستاته — ناگزیر باید پذیرفت	B2 :: پیوندواژه‌های پیشرفته
il n'en reste pas moins que	ایل نان رِست پا موَن کُ — با این حال باز هم	B2 :: پیوندواژه‌های پیشرفته
prendre en compte	پْراندْر آن کُنت — در نظر گرفتن	B2 :: اصطلاح‌های سطح پیشرفته
mettre en place	مِتْر آن پْلاس — برقرار کردن	B2 :: اصطلاح‌های سطح پیشرفته
mettre en cause	مِتْر آن کُز — زیر سؤال بردن	B2 :: اصطلاح‌های سطح پیشرفته
remettre en question	رُمِتْر آن کِستیُن — بازنگری کردن	B2 :: اصطلاح‌های سطح پیشرفته
faire l'objet de	فِر لُبژه دُ — موضوعِ چیزی بودن	B2 :: اصطلاح‌های سطح پیشرفته
avoir recours à	آووآر رُکور آ — متوسل شدن به	B2 :: اصطلاح‌های سطح پیشرفته
tenir compte de	تُنیر کُنت دُ — لحاظ کردن	B2 :: اصطلاح‌های سطح پیشرفته
porter atteinte à	پُرته آتَنت آ — آسیب زدن به	B2 :: اصطلاح‌های سطح پیشرفته
faire preuve de	فِر پْرُو دُ — از خود نشان دادن	B2 :: اصطلاح‌های سطح پیشرفته
prendre position	پْراندْر پُزیسیُن — موضع گرفتن	B2 :: اصطلاح‌های سطح پیشرفته
passer sous silence	پاسه سو سیلانس — نادیده گرفتن	B2 :: اصطلاح‌های سطح پیشرفته
aller de soi	آله دُ سوآ — بدیهی بودن	B2 :: اصطلاح‌های سطح پیشرفته
laisser à désirer	لِسه آ دِزیره — جای بهبود داشتن	B2 :: اصطلاح‌های سطح پیشرفته
mettre l'accent sur	مِتْر لاکسان سور — تأکید گذاشتن بر	B2 :: اصطلاح‌های سطح پیشرفته
prendre conscience de	پْراندْر کُنسیانس دُ — آگاه شدن از	B2 :: اصطلاح‌های سطح پیشرفته
se rendre compte de	سُ راندْر کُنت دُ — پی بردن به	B2 :: اصطلاح‌های سطح پیشرفته
faire la part des choses	فِر لا پار دِ شُز — جانب انصاف را گرفتن	B2 :: اصطلاح‌های سطح پیشرفته
jeter un regard critique	ژُته اَن رُگار کْریتیک — نگاه انتقادی داشتن	B2 :: اصطلاح‌های سطح پیشرفته
en tirer les conséquences	آن تیره لِ کُنسِکانس — پیامدها را پذیرفتن	B2 :: اصطلاح‌های سطح پیشرفته
à long terme	آ لُن تِرم — در درازمدت	B2 :: اصطلاح‌های سطح پیشرفته
à court terme	آ کور تِرم — در کوتاه‌مدت	B2 :: اصطلاح‌های سطح پیشرفته
sur le plan économique	سور لُ پْلان اِکُنُمیک — از نظر اقتصادی	B2 :: اصطلاح‌های سطح پیشرفته
dans une certaine mesure	دان زون سِرتِن مُزور — تا اندازه‌ای	B2 :: اصطلاح‌های سطح پیشرفته
en fin de compte	آن فَن دُ کُنت — در تحلیل نهایی	B2 :: اصطلاح‌های سطح پیشرفته
le cas échéant	لُ کا زِشِئان — در صورت لزوم	B2 :: اصطلاح‌های سطح پیشرفته
au détriment de	اُ دِتْریمان دُ — به زیانِ	B2 :: اصطلاح‌های سطح پیشرفته
au profit de	اُ پْرُفی دُ — به سودِ	B2 :: اصطلاح‌های سطح پیشرفته
dans le cadre de	دان لُ کادْر دُ — در چارچوبِ	B2 :: اصطلاح‌های سطح پیشرفته
à l'échelle mondiale	آ لِشِل مُندیال — در مقیاس جهانی	B2 :: اصطلاح‌های سطح پیشرفته
avoir un impact sur	آووآر اَن نَنپاکت سور — تأثیر گذاشتن بر	B2 :: اصطلاح‌های سطح پیشرفته
Je ne sais pas.	ژُ نُ سِ پا — نمی‌دانم.	annexe :: در گفت‌وگو
Je ne comprends pas.	ژُ نُ کُمپْران پا — نمی‌فهمم.	annexe :: در گفت‌وگو
Pouvez-vous répéter ?	پووه وو رِپِته — می‌شود تکرار کنید؟	annexe :: در گفت‌وگو
Parlez plus lentement.	پارله پْلو لانتْمان — آهسته‌تر صحبت کنید.	annexe :: در گفت‌وگو
Comment dit-on ... ?	کُمان دی تُن — ... را چه می‌گویند؟	annexe :: در گفت‌وگو
Qu'est-ce que ça veut dire ?	کِس کُ سا وُ دیر — این یعنی چه؟	annexe :: در گفت‌وگو
Je parle un peu français.	ژُ پارل اَن پُ فْرانسه — کمی فرانسه حرف می‌زنم.	annexe :: در گفت‌وگو
Vous parlez anglais ?	وو پارله آنگْلِ — انگلیسی بلدید؟	annexe :: در گفت‌وگو
Comment ça s'écrit ?	کُمان سا سِکْری — چطور نوشته می‌شود؟	annexe :: در گفت‌وگو
Attendez un instant.	آتانده اَن نَنستان — یک لحظه صبر کنید.	annexe :: در گفت‌وگو
Ce n'est pas grave.	سُ نِ پا گْراو — مهم نیست.	annexe :: در گفت‌وگو
Avec plaisir.	آوِک پْلِزیر — با کمال میل.	annexe :: در گفت‌وگو
Bien sûr.	بی‌یَن سور — البته.	annexe :: در گفت‌وگو
Je suis d'accord.	ژُ سویی داکُر — موافقم.	annexe :: در گفت‌وگو
Je ne suis pas d'accord.	ژُ نُ سویی پا داکُر — موافق نیستم.	annexe :: در گفت‌وگو
Ça dépend.	سا دِپان — بستگی دارد.	annexe :: در گفت‌وگو
À mon avis...	آ مُن ناوی — به نظر من...	annexe :: در گفت‌وگو
Tu as raison.	تو آ رِزُن — حق با توست.	annexe :: در گفت‌وگو
Bonne idée !	بُن ایده — فکر خوبی است!	annexe :: در گفت‌وگو
Aucun problème.	اُکَن پْرُبْلِم — هیچ مشکلی نیست.	annexe :: در گفت‌وگو
Excusez-moi, où est ... ?	اِکسکوزه موا، او اِ — ببخشید، ... کجاست؟	annexe :: در خیابان و مغازه
Je cherche la gare.	ژُ شِرش لا گار — دنبال ایستگاه قطار می‌گردم.	annexe :: در خیابان و مغازه
C'est loin d'ici ?	سِ لْوَن دیسی — از اینجا دور است؟	annexe :: در خیابان و مغازه
Tournez à droite.	تورنه آ دْروآت — به راست بپیچید.	annexe :: در خیابان و مغازه
Tournez à gauche.	تورنه آ گُش — به چپ بپیچید.	annexe :: در خیابان و مغازه
Allez tout droit.	آله تو دْروآ — مستقیم بروید.	annexe :: در خیابان و مغازه
Combien ça coûte ?	کُمبی‌یَن سا کوت — قیمتش چند است؟	annexe :: در خیابان و مغازه
C'est trop cher.	سِ تْرُ شِر — خیلی گران است.	annexe :: در خیابان و مغازه
Je voudrais ceci.	ژُ وودْرِ سُسی — این را می‌خواهم.	annexe :: در خیابان و مغازه
Je regarde seulement.	ژُ رُگارد سُلْمان — فقط نگاه می‌کنم.	annexe :: در خیابان و مغازه
Vous avez ma taille ?	ووزاوه ما تای — سایز من را دارید؟	annexe :: در خیابان و مغازه
Je peux essayer ?	ژُ پُ اِسِیه — می‌توانم امتحان کنم؟	annexe :: در خیابان و مغازه
Je paie par carte.	ژُ پِ پار کارت — با کارت پرداخت می‌کنم.	annexe :: در خیابان و مغازه
Le reçu, s'il vous plaît.	لُ رُسو سیل وو پْلِ — رسید، لطفاً.	annexe :: در خیابان و مغازه
À quelle heure vous fermez ?	آ کِلُر وو فِرمه — ساعت چند می‌بندید؟	annexe :: در خیابان و مغازه
Une table pour deux.	اون تابْل پور دُ — یک میز برای دو نفر.	annexe :: در رستوران و هتل
La carte, s'il vous plaît.	لا کارت سیل وو پْلِ — منو، لطفاً.	annexe :: در رستوران و هتل
Je voudrais commander.	ژُ وودْرِ کُمانده — می‌خواهم سفارش بدهم.	annexe :: در رستوران و هتل
Qu'est-ce que vous conseillez ?	کِس کُ وو کُنسِیه — چه پیشنهاد می‌کنید؟	annexe :: در رستوران و هتل
Sans viande, s'il vous plaît.	سان وی‌یاند سیل وو پْلِ — بدون گوشت، لطفاً.	annexe :: در رستوران و هتل
Je suis allergique aux noix.	ژُ سویی آلِرژیک اُ نوآ — به آجیل حساسیت دارم.	annexe :: در رستوران و هتل
C'était délicieux.	سِتِ دِلیسیُ — خیلی خوشمزه بود.	annexe :: در رستوران و هتل
L'addition, s'il vous plaît.	لادیسیُن سیل وو پْلِ — صورتحساب، لطفاً.	annexe :: در رستوران و هتل
J'ai une réservation.	ژِ اون رِزِرواسیُن — رزرو دارم.	annexe :: در رستوران و هتل
Une chambre pour deux nuits.	اون شامبْر پور دُ نویی — یک اتاق برای دو شب.	annexe :: در رستوران و هتل
Le petit-déjeuner est inclus ?	لُ پُتی دِژُنه اِ تَنکْلو — صبحانه شامل می‌شود؟	annexe :: در رستوران و هتل
Il y a le wifi ?	ایلیا لُ ویفی — وای‌فای هست؟	annexe :: در رستوران و هتل
La clé de la chambre.	لا کْله دُ لا شامبْر — کلید اتاق.	annexe :: در رستوران و هتل
Je pars demain matin.	ژُ پار دُمَن ماتَن — فردا صبح می‌روم.	annexe :: در رستوران و هتل
Au secours !	اُ سُکور — کمک!	annexe :: موقعیت‌های اضطراری
Attention !	آتانسیُن — مواظب باش!	annexe :: موقعیت‌های اضطراری
Appelez un médecin.	آپُله اَن مِدْسَن — یک پزشک خبر کنید.	annexe :: موقعیت‌های اضطراری
Appelez la police.	آپُله لا پُلیس — به پلیس زنگ بزنید.	annexe :: موقعیت‌های اضطراری
Je suis malade.	ژُ سویی مالاد — بیمار هستم.	annexe :: موقعیت‌های اضطراری
J'ai mal ici.	ژِ مال ایسی — اینجا درد می‌کند.	annexe :: موقعیت‌های اضطراری
J'ai perdu mon sac.	ژِ پِردو مُن ساک — کیفم را گم کرده‌ام.	annexe :: موقعیت‌های اضطراری
Je me suis perdu.	ژُ مُ سویی پِردو — گم شده‌ام.	annexe :: موقعیت‌های اضطراری
C'est urgent.	سِ توُرژان — فوری است.	annexe :: موقعیت‌های اضطراری
Où est l'hôpital ?	او اِ لُپیتال — بیمارستان کجاست؟	annexe :: موقعیت‌های اضطراری
avoir le cafard	آووآر لُ کافار — دمغ بودن / غم داشتن	annexe :: اصطلاح‌های پرکاربرد
coûter les yeux de la tête	کوته لِ زیُ دُ لا تِت — خیلی گران بودن	annexe :: اصطلاح‌های پرکاربرد
poser un lapin	پُزه اَن لاپَن — قرار را کنسل کردن و نیامدن	annexe :: اصطلاح‌های پرکاربرد
avoir un coup de foudre	آووآر اَن کو دُ فودْر — در نگاه اول عاشق شدن	annexe :: اصطلاح‌های پرکاربرد
mettre les pieds dans le plat	مِتْر لِ پیه دان لُ پْلا — گاف دادن	annexe :: اصطلاح‌های پرکاربرد
tomber dans les pommes	تُمبه دان لِ پُم — غش کردن	annexe :: اصطلاح‌های پرکاربرد
avoir la pêche	آووآر لا پِش — سرحال بودن	annexe :: اصطلاح‌های پرکاربرد
ça marche	سا مارش — باشه / درست است	annexe :: اصطلاح‌های پرکاربرد
ce n'est pas la mer à boire	سُ نِ پا لا مِر آ بوآر — کار سختی نیست	annexe :: اصطلاح‌های پرکاربرد
revenons à nos moutons	رُوُنُن آ نُ موتُن — برگردیم سر اصل مطلب	annexe :: اصطلاح‌های پرکاربرد
appeler un chat un chat	آپُله اَن شا اَن شا — رُک سخن گفتن	annexe :: اصطلاح‌های پرکاربرد
avoir d'autres chats à fouetter	آووآر دُتْر شا آ فوئته — کارهای مهم‌تری داشتن	annexe :: اصطلاح‌های پرکاربرد
être dans la lune	اِتْر دان لا لون — حواس‌پرت بودن	annexe :: اصطلاح‌های پرکاربرد
prendre son courage à deux mains	پْراندْر سُن کوراژ آ دُ مَن — دل به دریا زدن	annexe :: اصطلاح‌های پرکاربرد
faire la grasse matinée	فِر لا گْراس ماتینه — تا دیروقت خوابیدن	annexe :: اصطلاح‌های پرکاربرد
il pleut des cordes	ایل پْلُ دِ کُرد — باران شدید می‌بارد	annexe :: اصطلاح‌های پرکاربرد
avoir un poil dans la main	آووآر اَن پوآل دان لا مَن — تنبل بودن	annexe :: اصطلاح‌های پرکاربرد
casser les pieds à quelqu'un	کاسه لِ پیه آ کِلکَن — کلافه کردن کسی	annexe :: اصطلاح‌های پرکاربرد
en avoir marre	آن ناووآر مار — خسته شدن / بریدن	annexe :: اصطلاح‌های پرکاربرد
valoir le coup	والوآر لُ کو — ارزشش را داشتن	annexe :: اصطلاح‌های پرکاربرد
au pif	اُ پیف — سرسری / تخمینی	annexe :: اصطلاح‌های پرکاربرد
du coup	دو کو — در نتیجه (خودمانی)	annexe :: اصطلاح‌های پرکاربرد
n'importe quoi	نَنپُرت کوآ — چرت‌وپرت	annexe :: اصطلاح‌های پرکاربرد
ça vaut la peine	سا وُ لا پِن — به زحمتش می‌ارزد	annexe :: اصطلاح‌های پرکاربرد
petit à petit	پُتی تا پُتی — کم‌کم	annexe :: اصطلاح‌های پرکاربرد
être – été	اِتْر / اِته — بودن	annexe :: فعل و اسم مفعول آن
avoir – eu	آووآر / او — داشتن	annexe :: فعل و اسم مفعول آن
aller – allé	آله / آله — رفتن	annexe :: فعل و اسم مفعول آن
faire – fait	فِر / فِ — کردن	annexe :: فعل و اسم مفعول آن
dire – dit	دیر / دی — گفتن	annexe :: فعل و اسم مفعول آن
voir – vu	ووآر / وو — دیدن	annexe :: فعل و اسم مفعول آن
savoir – su	ساووآر / سو — دانستن	annexe :: فعل و اسم مفعول آن
pouvoir – pu	پووووآر / پو — توانستن	annexe :: فعل و اسم مفعول آن
vouloir – voulu	وولوآر / وولو — خواستن	annexe :: فعل و اسم مفعول آن
devoir – dû	دُووآر / دو — بایستن	annexe :: فعل و اسم مفعول آن
prendre – pris	پْراندْر / پْری — گرفتن	annexe :: فعل و اسم مفعول آن
mettre – mis	مِتْر / می — گذاشتن	annexe :: فعل و اسم مفعول آن
venir – venu	وُنیر / وُنو — آمدن	annexe :: فعل و اسم مفعول آن
tenir – tenu	تُنیر / تُنو — نگه داشتن	annexe :: فعل و اسم مفعول آن
boire – bu	بوآر / بو — نوشیدن	annexe :: فعل و اسم مفعول آن
lire – lu	لیر / لو — خواندن	annexe :: فعل و اسم مفعول آن
écrire – écrit	اِکْریر / اِکْری — نوشتن	annexe :: فعل و اسم مفعول آن
ouvrir – ouvert	اووْریر / اووِر — باز کردن	annexe :: فعل و اسم مفعول آن
offrir – offert	اُفْریر / اُفِر — هدیه دادن	annexe :: فعل و اسم مفعول آن
recevoir – reçu	رُسُووآر / رُسو — دریافت کردن	annexe :: فعل و اسم مفعول آن
connaître – connu	کُنِتْر / کُنو — شناختن	annexe :: فعل و اسم مفعول آن
vivre – vécu	ویوْر / وِکو — زندگی کردن	annexe :: فعل و اسم مفعول آن
suivre – suivi	سویوْر / سویوی — دنبال کردن	annexe :: فعل و اسم مفعول آن
croire – cru	کْروآر / کْرو — باور کردن	annexe :: فعل و اسم مفعول آن
naître – né	نِتْر / نه — به دنیا آمدن	annexe :: فعل و اسم مفعول آن
mourir – mort	موریر / مُر — مردن	annexe :: فعل و اسم مفعول آن
partir – parti	پارتیر / پارتی — عزیمت کردن	annexe :: فعل و اسم مفعول آن
sortir – sorti	سُرتیر / سُرتی — بیرون رفتن	annexe :: فعل و اسم مفعول آن
courir – couru	کوریر / کورو — دویدن	annexe :: فعل و اسم مفعول آن
rire – ri	ریر / ری — خندیدن	annexe :: فعل و اسم مفعول آن
